{"resourceType":"ImplementationGuide","id":"Pedigree-FHIR-Implementation-Guide","text":{"status":"extensions","div":"<div xmlns=\"http://www.w3.org/1999/xhtml\"><h2>PedigreeFHIRImplementationGuide</h2><p>The official URL for this implementation guide is: </p><pre>https://liberaliscomputing.github.io/pedigree-fhir-ig/ImplementationGuide/Pedigree-FHIR-Implementation-Guide</pre></div>"},"url":"https://liberaliscomputing.github.io/pedigree-fhir-ig/ImplementationGuide/Pedigree-FHIR-Implementation-Guide","version":"0.1.0","name":"PedigreeFHIRImplementationGuide","title":"Pedigree FHIR Implementation Guide","status":"draft","date":"2021-03-24T18:22:36-04:00","contact":[{"name":"Meen Chul Kim","telecom":[{"system":"email","value":"meenchul@d3b.center","use":"work"}]}],"packageId":"Pedigree-FHIR-Implementation-Guide","license":"CC0-1.0","fhirVersion":["4.0.1"],"dependsOn":[{"id":"hl7_fhir_us_core","uri":"http://hl7.org/fhir/us/core/ImplementationGuide/hl7.fhir.us.core","packageId":"hl7.fhir.us.core","version":"3.1.1"}],"definition":{"extension":[{"extension":[{"url":"code","valueString":"copyrightyear"},{"url":"value","valueString":"2021+"}],"url":"http://hl7.org/fhir/tools/StructureDefinition/ig-parameter"},{"extension":[{"url":"code","valueString":"releaselabel"},{"url":"value","valueString":"ci-build"}],"url":"http://hl7.org/fhir/tools/StructureDefinition/ig-parameter"},{"extension":[{"url":"code","valueString":"path-liquid"},{"url":"value","valueString":"template/liquid"}],"url":"http://hl7.org/fhir/tools/StructureDefinition/ig-parameter"},{"extension":[{"url":"code","valueString":"path-liquid"},{"url":"value","valueString":"input/liquid"}],"url":"http://hl7.org/fhir/tools/StructureDefinition/ig-parameter"},{"extension":[{"url":"code","valueString":"path-qa"},{"url":"value","valueString":"temp/qa"}],"url":"http://hl7.org/fhir/tools/StructureDefinition/ig-parameter"},{"extension":[{"url":"code","valueString":"path-temp"},{"url":"value","valueString":"temp/pages"}],"url":"http://hl7.org/fhir/tools/StructureDefinition/ig-parameter"},{"extension":[{"url":"code","valueString":"path-output"},{"url":"value","valueString":"output"}],"url":"http://hl7.org/fhir/tools/StructureDefinition/ig-parameter"},{"extension":[{"url":"code","valueString":"path-suppressed-warnings"},{"url":"value","valueString":"input/ignoreWarnings.txt"}],"url":"http://hl7.org/fhir/tools/StructureDefinition/ig-parameter"},{"extension":[{"url":"code","valueString":"path-history"},{"url":"value","valueString":"https://liberaliscomputing.github.io/pedigree-fhir-ig/history.html"}],"url":"http://hl7.org/fhir/tools/StructureDefinition/ig-parameter"},{"extension":[{"url":"code","valueString":"template-html"},{"url":"value","valueString":"template-page.html"}],"url":"http://hl7.org/fhir/tools/StructureDefinition/ig-parameter"},{"extension":[{"url":"code","valueString":"template-md"},{"url":"value","valueString":"template-page-md.html"}],"url":"http://hl7.org/fhir/tools/StructureDefinition/ig-parameter"},{"extension":[{"url":"code","valueString":"apply-contact"},{"url":"value","valueString":"true"}],"url":"http://hl7.org/fhir/tools/StructureDefinition/ig-parameter"},{"extension":[{"url":"code","valueString":"apply-context"},{"url":"value","valueString":"true"}],"url":"http://hl7.org/fhir/tools/StructureDefinition/ig-parameter"},{"extension":[{"url":"code","valueString":"apply-copyright"},{"url":"value","valueString":"true"}],"url":"http://hl7.org/fhir/tools/StructureDefinition/ig-parameter"},{"extension":[{"url":"code","valueString":"apply-jurisdiction"},{"url":"value","valueString":"true"}],"url":"http://hl7.org/fhir/tools/StructureDefinition/ig-parameter"},{"extension":[{"url":"code","valueString":"apply-license"},{"url":"value","valueString":"true"}],"url":"http://hl7.org/fhir/tools/StructureDefinition/ig-parameter"},{"extension":[{"url":"code","valueString":"apply-publisher"},{"url":"value","valueString":"true"}],"url":"http://hl7.org/fhir/tools/StructureDefinition/ig-parameter"},{"extension":[{"url":"code","valueString":"apply-version"},{"url":"value","valueString":"true"}],"url":"http://hl7.org/fhir/tools/StructureDefinition/ig-parameter"},{"extension":[{"url":"code","valueString":"active-tables"},{"url":"value","valueString":"true"}],"url":"http://hl7.org/fhir/tools/StructureDefinition/ig-parameter"}],"grouping":[{"id":"_str_profile","name":"Structures: Resource Profiles","description":"These define constraints on FHIR resources for systems conforming to this implementation guide"},{"id":"_str_extension","name":"Structures: Extension Definitions","description":"These define constraints on FHIR data types for systems conforming to this implementation guide"},{"id":"_term_valueset","name":"Terminology: Value Sets","description":"These define sets of codes used by systems conforming to this implementation guide"},{"id":"_term_codesystem","name":"Terminology: Code Systems","description":"These define new code systems used by systems conforming to this implementation guide"},{"id":"_ex_example","name":"Example: Example Instances","description":"These are example instances that show what data produced and consumed by systems conforming with this implementation guide might look like"}],"resource":[{"extension":[{"url":"http://hl7.org/fhir/StructureDefinition/implementationguide-page","valueUri":"StructureDefinition-individual.html"}],"reference":{"reference":"StructureDefinition/individual"},"name":"Individual","exampleBoolean":false,"groupingId":"_str_profile"},{"extension":[{"url":"http://hl7.org/fhir/StructureDefinition/implementationguide-page","valueUri":"StructureDefinition-pedigree.html"}],"reference":{"reference":"StructureDefinition/pedigree"},"name":"Pedigree","exampleBoolean":false,"groupingId":"_str_profile"},{"extension":[{"url":"http://hl7.org/fhir/StructureDefinition/implementationguide-page","valueUri":"StructureDefinition-relationship.html"}],"reference":{"reference":"StructureDefinition/relationship"},"name":"Relationship","exampleBoolean":false,"groupingId":"_str_profile"},{"extension":[{"url":"http://hl7.org/fhir/StructureDefinition/implementationguide-page","valueUri":"StructureDefinition-affected.html"}],"reference":{"reference":"StructureDefinition/affected"},"name":"Affected","description":"Whether or not the individual is affected by the condition being investigated in this pedigree; included for PED backwards compatibility.","exampleBoolean":false,"groupingId":"_str_extension"},{"extension":[{"url":"http://hl7.org/fhir/StructureDefinition/implementationguide-page","valueUri":"StructureDefinition-life-status.html"}],"reference":{"reference":"StructureDefinition/life-status"},"name":"Life Status","description":"The presumed/accepted life status of the individual as of the pedigree collection date.","exampleBoolean":false,"groupingId":"_str_extension"},{"extension":[{"url":"http://hl7.org/fhir/StructureDefinition/implementationguide-page","valueUri":"ValueSet-life-status.html"}],"reference":{"reference":"ValueSet/life-status"},"name":"Life Status Value Set","exampleBoolean":false,"groupingId":"_term_valueset"},{"extension":[{"url":"http://hl7.org/fhir/StructureDefinition/implementationguide-page","valueUri":"ValueSet-relationship.html"}],"reference":{"reference":"ValueSet/relationship"},"name":"Relationship Value Set","exampleBoolean":false,"groupingId":"_term_valueset"},{"extension":[{"url":"http://hl7.org/fhir/StructureDefinition/implementationguide-page","valueUri":"CodeSystem-life-status.html"}],"reference":{"reference":"CodeSystem/life-status"},"name":"Life Status Code System","exampleBoolean":false,"groupingId":"_term_codesystem"},{"extension":[{"url":"http://hl7.org/fhir/StructureDefinition/implementationguide-page","valueUri":"CodeSystem-pedigree-sectioning.html"}],"reference":{"reference":"CodeSystem/pedigree-sectioning"},"name":"Pedigree Sectioning Code System","exampleBoolean":false,"groupingId":"_term_codesystem"},{"extension":[{"url":"http://hl7.org/fhir/StructureDefinition/implementationguide-page","valueUri":"CodeSystem-relationship.html"}],"reference":{"reference":"CodeSystem/relationship"},"name":"Relationship Code System","exampleBoolean":false,"groupingId":"_term_codesystem"},{"extension":[{"url":"http://hl7.org/fhir/StructureDefinition/implementationguide-page","valueUri":"Condition-condition-example-1.html"}],"reference":{"reference":"Condition/condition-example-1"},"name":"Condition Example 1","exampleBoolean":true,"groupingId":"_ex_example"},{"extension":[{"url":"http://hl7.org/fhir/StructureDefinition/implementationguide-page","valueUri":"Patient-individual-example-1.html"}],"reference":{"reference":"Patient/individual-example-1"},"name":"Individual Example 1","exampleCanonical":"https://liberaliscomputing.github.io/pedigree-fhir-ig/StructureDefinition/individual","groupingId":"_ex_example"},{"extension":[{"url":"http://hl7.org/fhir/StructureDefinition/implementationguide-page","valueUri":"Patient-individual-example-10.html"}],"reference":{"reference":"Patient/individual-example-10"},"name":"Individual Example 10","exampleCanonical":"https://liberaliscomputing.github.io/pedigree-fhir-ig/StructureDefinition/individual","groupingId":"_ex_example"},{"extension":[{"url":"http://hl7.org/fhir/StructureDefinition/implementationguide-page","valueUri":"Patient-individual-example-11.html"}],"reference":{"reference":"Patient/individual-example-11"},"name":"Individual Example 11","exampleCanonical":"https://liberaliscomputing.github.io/pedigree-fhir-ig/StructureDefinition/individual","groupingId":"_ex_example"},{"extension":[{"url":"http://hl7.org/fhir/StructureDefinition/implementationguide-page","valueUri":"Patient-individual-example-12.html"}],"reference":{"reference":"Patient/individual-example-12"},"name":"Individual Example 12","exampleCanonical":"https://liberaliscomputing.github.io/pedigree-fhir-ig/StructureDefinition/individual","groupingId":"_ex_example"},{"extension":[{"url":"http://hl7.org/fhir/StructureDefinition/implementationguide-page","valueUri":"Patient-individual-example-13.html"}],"reference":{"reference":"Patient/individual-example-13"},"name":"Individual Example 13","exampleCanonical":"https://liberaliscomputing.github.io/pedigree-fhir-ig/StructureDefinition/individual","groupingId":"_ex_example"},{"extension":[{"url":"http://hl7.org/fhir/StructureDefinition/implementationguide-page","valueUri":"Patient-individual-example-2.html"}],"reference":{"reference":"Patient/individual-example-2"},"name":"Individual Example 2","exampleCanonical":"https://liberaliscomputing.github.io/pedigree-fhir-ig/StructureDefinition/individual","groupingId":"_ex_example"},{"extension":[{"url":"http://hl7.org/fhir/StructureDefinition/implementationguide-page","valueUri":"Patient-individual-example-3.html"}],"reference":{"reference":"Patient/individual-example-3"},"name":"Individual Example 3","exampleCanonical":"https://liberaliscomputing.github.io/pedigree-fhir-ig/StructureDefinition/individual","groupingId":"_ex_example"},{"extension":[{"url":"http://hl7.org/fhir/StructureDefinition/implementationguide-page","valueUri":"Patient-individual-example-4.html"}],"reference":{"reference":"Patient/individual-example-4"},"name":"Individual Example 4","exampleCanonical":"https://liberaliscomputing.github.io/pedigree-fhir-ig/StructureDefinition/individual","groupingId":"_ex_example"},{"extension":[{"url":"http://hl7.org/fhir/StructureDefinition/implementationguide-page","valueUri":"Patient-individual-example-5.html"}],"reference":{"reference":"Patient/individual-example-5"},"name":"Individual Example 5","exampleCanonical":"https://liberaliscomputing.github.io/pedigree-fhir-ig/StructureDefinition/individual","groupingId":"_ex_example"},{"extension":[{"url":"http://hl7.org/fhir/StructureDefinition/implementationguide-page","valueUri":"Patient-individual-example-6.html"}],"reference":{"reference":"Patient/individual-example-6"},"name":"Individual Example 6","exampleCanonical":"https://liberaliscomputing.github.io/pedigree-fhir-ig/StructureDefinition/individual","groupingId":"_ex_example"},{"extension":[{"url":"http://hl7.org/fhir/StructureDefinition/implementationguide-page","valueUri":"Patient-individual-example-7.html"}],"reference":{"reference":"Patient/individual-example-7"},"name":"Individual Example 7","exampleCanonical":"https://liberaliscomputing.github.io/pedigree-fhir-ig/StructureDefinition/individual","groupingId":"_ex_example"},{"extension":[{"url":"http://hl7.org/fhir/StructureDefinition/implementationguide-page","valueUri":"Patient-individual-example-8.html"}],"reference":{"reference":"Patient/individual-example-8"},"name":"Individual Example 8","exampleCanonical":"https://liberaliscomputing.github.io/pedigree-fhir-ig/StructureDefinition/individual","groupingId":"_ex_example"},{"extension":[{"url":"http://hl7.org/fhir/StructureDefinition/implementationguide-page","valueUri":"Patient-individual-example-9.html"}],"reference":{"reference":"Patient/individual-example-9"},"name":"Individual Example 9","exampleCanonical":"https://liberaliscomputing.github.io/pedigree-fhir-ig/StructureDefinition/individual","groupingId":"_ex_example"},{"extension":[{"url":"http://hl7.org/fhir/StructureDefinition/implementationguide-page","valueUri":"Organization-organization-example-1.html"}],"reference":{"reference":"Organization/organization-example-1"},"name":"Organization Example 1","exampleBoolean":true,"groupingId":"_ex_example"},{"extension":[{"url":"http://hl7.org/fhir/StructureDefinition/implementationguide-page","valueUri":"Composition-pedigree-example-1.html"}],"reference":{"reference":"Composition/pedigree-example-1"},"name":"Pedigree Example 1","exampleCanonical":"https://liberaliscomputing.github.io/pedigree-fhir-ig/StructureDefinition/pedigree","groupingId":"_ex_example"},{"extension":[{"url":"http://hl7.org/fhir/StructureDefinition/implementationguide-page","valueUri":"Observation-relationship-example-1.html"}],"reference":{"reference":"Observation/relationship-example-1"},"name":"Relationship Example 1","exampleCanonical":"https://liberaliscomputing.github.io/pedigree-fhir-ig/StructureDefinition/relationship","groupingId":"_ex_example"},{"extension":[{"url":"http://hl7.org/fhir/StructureDefinition/implementationguide-page","valueUri":"Observation-relationship-example-10.html"}],"reference":{"reference":"Observation/relationship-example-10"},"name":"Relationship Example 10","exampleCanonical":"https://liberaliscomputing.github.io/pedigree-fhir-ig/StructureDefinition/relationship","groupingId":"_ex_example"},{"extension":[{"url":"http://hl7.org/fhir/StructureDefinition/implementationguide-page","valueUri":"Observation-relationship-example-11.html"}],"reference":{"reference":"Observation/relationship-example-11"},"name":"Relationship Example 11","exampleCanonical":"https://liberaliscomputing.github.io/pedigree-fhir-ig/StructureDefinition/relationship","groupingId":"_ex_example"},{"extension":[{"url":"http://hl7.org/fhir/StructureDefinition/implementationguide-page","valueUri":"Observation-relationship-example-12.html"}],"reference":{"reference":"Observation/relationship-example-12"},"name":"Relationship Example 12","exampleCanonical":"https://liberaliscomputing.github.io/pedigree-fhir-ig/StructureDefinition/relationship","groupingId":"_ex_example"},{"extension":[{"url":"http://hl7.org/fhir/StructureDefinition/implementationguide-page","valueUri":"Observation-relationship-example-13.html"}],"reference":{"reference":"Observation/relationship-example-13"},"name":"Relationship Example 13","exampleCanonical":"https://liberaliscomputing.github.io/pedigree-fhir-ig/StructureDefinition/relationship","groupingId":"_ex_example"},{"extension":[{"url":"http://hl7.org/fhir/StructureDefinition/implementationguide-page","valueUri":"Observation-relationship-example-14.html"}],"reference":{"reference":"Observation/relationship-example-14"},"name":"Relationship Example 14","exampleCanonical":"https://liberaliscomputing.github.io/pedigree-fhir-ig/StructureDefinition/relationship","groupingId":"_ex_example"},{"extension":[{"url":"http://hl7.org/fhir/StructureDefinition/implementationguide-page","valueUri":"Observation-relationship-example-15.html"}],"reference":{"reference":"Observation/relationship-example-15"},"name":"Relationship Example 15","exampleCanonical":"https://liberaliscomputing.github.io/pedigree-fhir-ig/StructureDefinition/relationship","groupingId":"_ex_example"},{"extension":[{"url":"http://hl7.org/fhir/StructureDefinition/implementationguide-page","valueUri":"Observation-relationship-example-16.html"}],"reference":{"reference":"Observation/relationship-example-16"},"name":"Relationship Example 16","exampleCanonical":"https://liberaliscomputing.github.io/pedigree-fhir-ig/StructureDefinition/relationship","groupingId":"_ex_example"},{"extension":[{"url":"http://hl7.org/fhir/StructureDefinition/implementationguide-page","valueUri":"Observation-relationship-example-2.html"}],"reference":{"reference":"Observation/relationship-example-2"},"name":"Relationship Example 2","exampleCanonical":"https://liberaliscomputing.github.io/pedigree-fhir-ig/StructureDefinition/relationship","groupingId":"_ex_example"},{"extension":[{"url":"http://hl7.org/fhir/StructureDefinition/implementationguide-page","valueUri":"Observation-relationship-example-3.html"}],"reference":{"reference":"Observation/relationship-example-3"},"name":"Relationship Example 3","exampleCanonical":"https://liberaliscomputing.github.io/pedigree-fhir-ig/StructureDefinition/relationship","groupingId":"_ex_example"},{"extension":[{"url":"http://hl7.org/fhir/StructureDefinition/implementationguide-page","valueUri":"Observation-relationship-example-4.html"}],"reference":{"reference":"Observation/relationship-example-4"},"name":"Relationship Example 4","exampleCanonical":"https://liberaliscomputing.github.io/pedigree-fhir-ig/StructureDefinition/relationship","groupingId":"_ex_example"},{"extension":[{"url":"http://hl7.org/fhir/StructureDefinition/implementationguide-page","valueUri":"Observation-relationship-example-5.html"}],"reference":{"reference":"Observation/relationship-example-5"},"name":"Relationship Example 5","exampleCanonical":"https://liberaliscomputing.github.io/pedigree-fhir-ig/StructureDefinition/relationship","groupingId":"_ex_example"},{"extension":[{"url":"http://hl7.org/fhir/StructureDefinition/implementationguide-page","valueUri":"Observation-relationship-example-6.html"}],"reference":{"reference":"Observation/relationship-example-6"},"name":"Relationship Example 6","exampleCanonical":"https://liberaliscomputing.github.io/pedigree-fhir-ig/StructureDefinition/relationship","groupingId":"_ex_example"},{"extension":[{"url":"http://hl7.org/fhir/StructureDefinition/implementationguide-page","valueUri":"Observation-relationship-example-7.html"}],"reference":{"reference":"Observation/relationship-example-7"},"name":"Relationship Example 7","exampleCanonical":"https://liberaliscomputing.github.io/pedigree-fhir-ig/StructureDefinition/relationship","groupingId":"_ex_example"},{"extension":[{"url":"http://hl7.org/fhir/StructureDefinition/implementationguide-page","valueUri":"Observation-relationship-example-8.html"}],"reference":{"reference":"Observation/relationship-example-8"},"name":"Relationship Example 8","exampleCanonical":"https://liberaliscomputing.github.io/pedigree-fhir-ig/StructureDefinition/relationship","groupingId":"_ex_example"},{"extension":[{"url":"http://hl7.org/fhir/StructureDefinition/implementationguide-page","valueUri":"Observation-relationship-example-9.html"}],"reference":{"reference":"Observation/relationship-example-9"},"name":"Relationship Example 9","exampleCanonical":"https://liberaliscomputing.github.io/pedigree-fhir-ig/StructureDefinition/relationship","groupingId":"_ex_example"}],"page":{"nameUrl":"toc.html","title":"Table of Contents","generation":"html","page":[{"nameUrl":"index.html","title":"Home","generation":"markdown"},{"nameUrl":"artifacts.html","title":"Artifacts Summary","generation":"html","page":[{"nameUrl":"StructureDefinition-individual.html","title":"Individual","generation":"generated"},{"nameUrl":"StructureDefinition-pedigree.html","title":"Pedigree","generation":"generated"},{"nameUrl":"StructureDefinition-relationship.html","title":"Relationship","generation":"generated"},{"nameUrl":"StructureDefinition-affected.html","title":"Affected","generation":"generated"},{"nameUrl":"StructureDefinition-life-status.html","title":"Life Status","generation":"generated"},{"nameUrl":"ValueSet-life-status.html","title":"Life Status Value Set","generation":"generated"},{"nameUrl":"ValueSet-relationship.html","title":"Relationship Value Set","generation":"generated"},{"nameUrl":"CodeSystem-life-status.html","title":"Life Status Code System","generation":"generated"},{"nameUrl":"CodeSystem-pedigree-sectioning.html","title":"Pedigree Sectioning Code System","generation":"generated"},{"nameUrl":"CodeSystem-relationship.html","title":"Relationship Code System","generation":"generated"},{"nameUrl":"Condition-condition-example-1.html","title":"Condition Example 1","generation":"generated"},{"nameUrl":"Patient-individual-example-1.html","title":"Individual Example 1","generation":"generated"},{"nameUrl":"Patient-individual-example-10.html","title":"Individual Example 10","generation":"generated"},{"nameUrl":"Patient-individual-example-11.html","title":"Individual Example 11","generation":"generated"},{"nameUrl":"Patient-individual-example-12.html","title":"Individual Example 12","generation":"generated"},{"nameUrl":"Patient-individual-example-13.html","title":"Individual Example 13","generation":"generated"},{"nameUrl":"Patient-individual-example-2.html","title":"Individual Example 2","generation":"generated"},{"nameUrl":"Patient-individual-example-3.html","title":"Individual Example 3","generation":"generated"},{"nameUrl":"Patient-individual-example-4.html","title":"Individual Example 4","generation":"generated"},{"nameUrl":"Patient-individual-example-5.html","title":"Individual Example 5","generation":"generated"},{"nameUrl":"Patient-individual-example-6.html","title":"Individual Example 6","generation":"generated"},{"nameUrl":"Patient-individual-example-7.html","title":"Individual Example 7","generation":"generated"},{"nameUrl":"Patient-individual-example-8.html","title":"Individual Example 8","generation":"generated"},{"nameUrl":"Patient-individual-example-9.html","title":"Individual Example 9","generation":"generated"},{"nameUrl":"Organization-organization-example-1.html","title":"Organization Example 1","generation":"generated"},{"nameUrl":"Composition-pedigree-example-1.html","title":"Pedigree Example 1","generation":"generated"},{"nameUrl":"Observation-relationship-example-1.html","title":"Relationship Example 1","generation":"generated"},{"nameUrl":"Observation-relationship-example-10.html","title":"Relationship Example 10","generation":"generated"},{"nameUrl":"Observation-relationship-example-11.html","title":"Relationship Example 11","generation":"generated"},{"nameUrl":"Observation-relationship-example-12.html","title":"Relationship Example 12","generation":"generated"},{"nameUrl":"Observation-relationship-example-13.html","title":"Relationship Example 13","generation":"generated"},{"nameUrl":"Observation-relationship-example-14.html","title":"Relationship Example 14","generation":"generated"},{"nameUrl":"Observation-relationship-example-15.html","title":"Relationship Example 15","generation":"generated"},{"nameUrl":"Observation-relationship-example-16.html","title":"Relationship Example 16","generation":"generated"},{"nameUrl":"Observation-relationship-example-2.html","title":"Relationship Example 2","generation":"generated"},{"nameUrl":"Observation-relationship-example-3.html","title":"Relationship Example 3","generation":"generated"},{"nameUrl":"Observation-relationship-example-4.html","title":"Relationship Example 4","generation":"generated"},{"nameUrl":"Observation-relationship-example-5.html","title":"Relationship Example 5","generation":"generated"},{"nameUrl":"Observation-relationship-example-6.html","title":"Relationship Example 6","generation":"generated"},{"nameUrl":"Observation-relationship-example-7.html","title":"Relationship Example 7","generation":"generated"},{"nameUrl":"Observation-relationship-example-8.html","title":"Relationship Example 8","generation":"generated"},{"nameUrl":"Observation-relationship-example-9.html","title":"Relationship Example 9","generation":"generated"}]}]},"parameter":[{"code":"path-resource","value":"input/capabilities"},{"code":"path-resource","value":"input/examples"},{"code":"path-resource","value":"input/extensions"},{"code":"path-resource","value":"input/models"},{"code":"path-resource","value":"input/operations"},{"code":"path-resource","value":"input/profiles"},{"code":"path-resource","value":"input/resources"},{"code":"path-resource","value":"input/vocabulary"},{"code":"path-resource","value":"input/maps"},{"code":"path-resource","value":"input/testing"},{"code":"path-resource","value":"input/history"},{"code":"path-resource","value":"fsh-generated/resources"},{"code":"path-pages","value":"template/config"},{"code":"path-pages","value":"input/images"},{"code":"path-tx-cache","value":"input-cache/txcache"}]}}