{"resourceType":"ValueSet","id":"relationship","text":{"status":"generated","div":"<div xmlns=\"http://www.w3.org/1999/xhtml\"><ul><li>Include all codes defined in <a href=\"CodeSystem-relationship.html\"><code>https://liberaliscomputing.github.io/pedigree-fhir-ig/CodeSystem/relationship</code></a></li></ul></div>"},"url":"https://liberaliscomputing.github.io/pedigree-fhir-ig/ValueSet/relationship","version":"0.1.0","name":"Relationship","title":"Relationship Value Set","status":"active","date":"2021-03-24T18:22:36-04:00","contact":[{"name":"Meen Chul Kim","telecom":[{"system":"email","value":"meenchul@d3b.center","use":"work"}]}],"compose":{"include":[{"system":"https://liberaliscomputing.github.io/pedigree-fhir-ig/CodeSystem/relationship"}]}}