<?xml version="1.0" encoding="UTF-8"?><CodeSystem xmlns="http://hl7.org/fhir"><id value="relationship"/><text><status value="generated"/><div xmlns="http://www.w3.org/1999/xhtml"><p>This code system https://liberaliscomputing.github.io/pedigree-fhir-ig/CodeSystem/relationship defines many codes, of which the following are a subset:</p><table class="codes"><tr><td style="white-space:nowrap"><b>Code</b></td><td><b>Display</b></td></tr><tr><td style="white-space:nowrap">REL:001<a name="relationship-REL.58001"> </a></td><td>relative</td></tr><tr><td style="white-space:nowrap">REL:002<a name="relationship-REL.58002"> </a></td><td>biological relative</td></tr><tr><td style="white-space:nowrap">REL:003<a name="relationship-REL.58003"> </a></td><td>biological parent</td></tr><tr><td style="white-space:nowrap">REL:004<a name="relationship-REL.58004"> </a></td><td>sperm/ovum donor</td></tr><tr><td style="white-space:nowrap">REL:005<a name="relationship-REL.58005"> </a></td><td>gestational carrier</td></tr><tr><td style="white-space:nowrap">REL:006<a name="relationship-REL.58006"> </a></td><td>surrogate ovum donor</td></tr><tr><td style="white-space:nowrap">REL:007<a name="relationship-REL.58007"> </a></td><td>biological sibling</td></tr><tr><td style="white-space:nowrap">REL:008<a name="relationship-REL.58008"> </a></td><td>full sibling</td></tr><tr><td style="white-space:nowrap">REL:009<a name="relationship-REL.58009"> </a></td><td>twin</td></tr><tr><td style="white-space:nowrap">REL:010<a name="relationship-REL.58010"> </a></td><td>monozygotic twin</td></tr><tr><td style="white-space:nowrap">REL:011<a name="relationship-REL.58011"> </a></td><td>polyzygotic twin</td></tr><tr><td style="white-space:nowrap">REL:012<a name="relationship-REL.58012"> </a></td><td>half-sibling</td></tr><tr><td style="white-space:nowrap">REL:013<a name="relationship-REL.58013"> </a></td><td>parental sibling</td></tr><tr><td style="white-space:nowrap">REL:014<a name="relationship-REL.58014"> </a></td><td>cousin</td></tr><tr><td style="white-space:nowrap">REL:015<a name="relationship-REL.58015"> </a></td><td>maternal cousin</td></tr><tr><td style="white-space:nowrap">REL:016<a name="relationship-REL.58016"> </a></td><td>paternal cousin</td></tr><tr><td style="white-space:nowrap">REL:017<a name="relationship-REL.58017"> </a></td><td>grandparent</td></tr><tr><td style="white-space:nowrap">REL:018<a name="relationship-REL.58018"> </a></td><td>great-grandparent</td></tr><tr><td style="white-space:nowrap">REL:019<a name="relationship-REL.58019"> </a></td><td>social/legal relative</td></tr><tr><td style="white-space:nowrap">REL:020<a name="relationship-REL.58020"> </a></td><td>parent figure</td></tr><tr><td style="white-space:nowrap">REL:021<a name="relationship-REL.58021"> </a></td><td>foster parent</td></tr><tr><td style="white-space:nowrap">REL:022<a name="relationship-REL.58022"> </a></td><td>adoptive parent</td></tr><tr><td style="white-space:nowrap">REL:023<a name="relationship-REL.58023"> </a></td><td>step-parent</td></tr><tr><td style="white-space:nowrap">REL:024<a name="relationship-REL.58024"> </a></td><td>sibling figure</td></tr><tr><td style="white-space:nowrap">REL:025<a name="relationship-REL.58025"> </a></td><td>step-sibling</td></tr><tr><td style="white-space:nowrap">REL:026<a name="relationship-REL.58026"> </a></td><td>significant other</td></tr></table></div></text><url value="https://liberaliscomputing.github.io/pedigree-fhir-ig/CodeSystem/relationship"/><version value="0.1.0"/><name value="Relationship"/><title value="Relationship Code System"/><status value="draft"/><date value="2021-03-24T18:22:36-04:00"/><contact><name value="Meen Chul Kim"/><telecom><system value="email"/><value value="meenchul@d3b.center"/><use value="work"/></telecom></contact><content value="fragment"/><concept><code value="REL:001"/><display value="relative"/></concept><concept><code value="REL:002"/><display value="biological relative"/></concept><concept><code value="REL:003"/><display value="biological parent"/></concept><concept><code value="REL:004"/><display value="sperm/ovum donor"/></concept><concept><code value="REL:005"/><display value="gestational carrier"/></concept><concept><code value="REL:006"/><display value="surrogate ovum donor"/></concept><concept><code value="REL:007"/><display value="biological sibling"/></concept><concept><code value="REL:008"/><display value="full sibling"/></concept><concept><code value="REL:009"/><display value="twin"/></concept><concept><code value="REL:010"/><display value="monozygotic twin"/></concept><concept><code value="REL:011"/><display value="polyzygotic twin"/></concept><concept><code value="REL:012"/><display value="half-sibling"/></concept><concept><code value="REL:013"/><display value="parental sibling"/></concept><concept><code value="REL:014"/><display value="cousin"/></concept><concept><code value="REL:015"/><display value="maternal cousin"/></concept><concept><code value="REL:016"/><display value="paternal cousin"/></concept><concept><code value="REL:017"/><display value="grandparent"/></concept><concept><code value="REL:018"/><display value="great-grandparent"/></concept><concept><code value="REL:019"/><display value="social/legal relative"/></concept><concept><code value="REL:020"/><display value="parent figure"/></concept><concept><code value="REL:021"/><display value="foster parent"/></concept><concept><code value="REL:022"/><display value="adoptive parent"/></concept><concept><code value="REL:023"/><display value="step-parent"/></concept><concept><code value="REL:024"/><display value="sibling figure"/></concept><concept><code value="REL:025"/><display value="step-sibling"/></concept><concept><code value="REL:026"/><display value="significant other"/></concept></CodeSystem>