<?xml version="1.0" encoding="UTF-8"?><ImplementationGuide xmlns="http://hl7.org/fhir"><id value="Pedigree-FHIR-Implementation-Guide"/><text><status value="extensions"/><div xmlns="http://www.w3.org/1999/xhtml"><h2>PedigreeFHIRImplementationGuide</h2><p>The official URL for this implementation guide is: </p><pre>https://liberaliscomputing.github.io/pedigree-fhir-ig/ImplementationGuide/Pedigree-FHIR-Implementation-Guide</pre></div></text><url value="https://liberaliscomputing.github.io/pedigree-fhir-ig/ImplementationGuide/Pedigree-FHIR-Implementation-Guide"/><version value="0.1.0"/><name value="PedigreeFHIRImplementationGuide"/><title value="Pedigree FHIR Implementation Guide"/><status value="draft"/><date value="2021-03-24T18:22:36-04:00"/><contact><name value="Meen Chul Kim"/><telecom><system value="email"/><value value="meenchul@d3b.center"/><use value="work"/></telecom></contact><packageId value="Pedigree-FHIR-Implementation-Guide"/><license value="CC0-1.0"/><fhirVersion value="4.0.1"/><dependsOn id="hl7_fhir_us_core"><uri value="http://hl7.org/fhir/us/core/ImplementationGuide/hl7.fhir.us.core"/><packageId value="hl7.fhir.us.core"/><version value="3.1.1"/></dependsOn><definition><extension url="http://hl7.org/fhir/tools/StructureDefinition/ig-parameter"><extension url="code"><valueString value="copyrightyear"/></extension><extension url="value"><valueString value="2021+"/></extension></extension><extension url="http://hl7.org/fhir/tools/StructureDefinition/ig-parameter"><extension url="code"><valueString value="releaselabel"/></extension><extension url="value"><valueString value="ci-build"/></extension></extension><extension url="http://hl7.org/fhir/tools/StructureDefinition/ig-parameter"><extension url="code"><valueString value="path-liquid"/></extension><extension url="value"><valueString value="template/liquid"/></extension></extension><extension url="http://hl7.org/fhir/tools/StructureDefinition/ig-parameter"><extension url="code"><valueString value="path-liquid"/></extension><extension url="value"><valueString value="input/liquid"/></extension></extension><extension url="http://hl7.org/fhir/tools/StructureDefinition/ig-parameter"><extension url="code"><valueString value="path-qa"/></extension><extension url="value"><valueString value="temp/qa"/></extension></extension><extension url="http://hl7.org/fhir/tools/StructureDefinition/ig-parameter"><extension url="code"><valueString value="path-temp"/></extension><extension url="value"><valueString value="temp/pages"/></extension></extension><extension url="http://hl7.org/fhir/tools/StructureDefinition/ig-parameter"><extension url="code"><valueString value="path-output"/></extension><extension url="value"><valueString value="output"/></extension></extension><extension url="http://hl7.org/fhir/tools/StructureDefinition/ig-parameter"><extension url="code"><valueString value="path-suppressed-warnings"/></extension><extension url="value"><valueString value="input/ignoreWarnings.txt"/></extension></extension><extension url="http://hl7.org/fhir/tools/StructureDefinition/ig-parameter"><extension url="code"><valueString value="path-history"/></extension><extension url="value"><valueString value="https://liberaliscomputing.github.io/pedigree-fhir-ig/history.html"/></extension></extension><extension url="http://hl7.org/fhir/tools/StructureDefinition/ig-parameter"><extension url="code"><valueString value="template-html"/></extension><extension url="value"><valueString value="template-page.html"/></extension></extension><extension url="http://hl7.org/fhir/tools/StructureDefinition/ig-parameter"><extension url="code"><valueString value="template-md"/></extension><extension url="value"><valueString value="template-page-md.html"/></extension></extension><extension url="http://hl7.org/fhir/tools/StructureDefinition/ig-parameter"><extension url="code"><valueString value="apply-contact"/></extension><extension url="value"><valueString value="true"/></extension></extension><extension url="http://hl7.org/fhir/tools/StructureDefinition/ig-parameter"><extension url="code"><valueString value="apply-context"/></extension><extension url="value"><valueString value="true"/></extension></extension><extension url="http://hl7.org/fhir/tools/StructureDefinition/ig-parameter"><extension url="code"><valueString value="apply-copyright"/></extension><extension url="value"><valueString value="true"/></extension></extension><extension url="http://hl7.org/fhir/tools/StructureDefinition/ig-parameter"><extension url="code"><valueString value="apply-jurisdiction"/></extension><extension url="value"><valueString value="true"/></extension></extension><extension url="http://hl7.org/fhir/tools/StructureDefinition/ig-parameter"><extension url="code"><valueString value="apply-license"/></extension><extension url="value"><valueString value="true"/></extension></extension><extension url="http://hl7.org/fhir/tools/StructureDefinition/ig-parameter"><extension url="code"><valueString value="apply-publisher"/></extension><extension url="value"><valueString value="true"/></extension></extension><extension url="http://hl7.org/fhir/tools/StructureDefinition/ig-parameter"><extension url="code"><valueString value="apply-version"/></extension><extension url="value"><valueString value="true"/></extension></extension><extension url="http://hl7.org/fhir/tools/StructureDefinition/ig-parameter"><extension url="code"><valueString value="active-tables"/></extension><extension url="value"><valueString value="true"/></extension></extension><grouping id="_str_profile"><name value="Structures: Resource Profiles"/><description value="These define constraints on FHIR resources for systems conforming to this implementation guide"/></grouping><grouping id="_str_extension"><name value="Structures: Extension Definitions"/><description value="These define constraints on FHIR data types for systems conforming to this implementation guide"/></grouping><grouping id="_term_valueset"><name value="Terminology: Value Sets"/><description value="These define sets of codes used by systems conforming to this implementation guide"/></grouping><grouping id="_term_codesystem"><name value="Terminology: Code Systems"/><description value="These define new code systems used by systems conforming to this implementation guide"/></grouping><grouping id="_ex_example"><name value="Example: Example Instances"/><description value="These are example instances that show what data produced and consumed by systems conforming with this implementation guide might look like"/></grouping><resource><extension url="http://hl7.org/fhir/StructureDefinition/implementationguide-page"><valueUri value="StructureDefinition-individual.html"/></extension><reference><reference value="StructureDefinition/individual"/></reference><name value="Individual"/><exampleBoolean value="false"/><groupingId value="_str_profile"/></resource><resource><extension url="http://hl7.org/fhir/StructureDefinition/implementationguide-page"><valueUri value="StructureDefinition-pedigree.html"/></extension><reference><reference value="StructureDefinition/pedigree"/></reference><name value="Pedigree"/><exampleBoolean value="false"/><groupingId value="_str_profile"/></resource><resource><extension url="http://hl7.org/fhir/StructureDefinition/implementationguide-page"><valueUri value="StructureDefinition-relationship.html"/></extension><reference><reference value="StructureDefinition/relationship"/></reference><name value="Relationship"/><exampleBoolean value="false"/><groupingId value="_str_profile"/></resource><resource><extension url="http://hl7.org/fhir/StructureDefinition/implementationguide-page"><valueUri value="StructureDefinition-affected.html"/></extension><reference><reference value="StructureDefinition/affected"/></reference><name value="Affected"/><description value="Whether or not the individual is affected by the condition being investigated in this pedigree; included for PED backwards compatibility."/><exampleBoolean value="false"/><groupingId value="_str_extension"/></resource><resource><extension url="http://hl7.org/fhir/StructureDefinition/implementationguide-page"><valueUri value="StructureDefinition-life-status.html"/></extension><reference><reference value="StructureDefinition/life-status"/></reference><name value="Life Status"/><description value="The presumed/accepted life status of the individual as of the pedigree collection date."/><exampleBoolean value="false"/><groupingId value="_str_extension"/></resource><resource><extension url="http://hl7.org/fhir/StructureDefinition/implementationguide-page"><valueUri value="ValueSet-life-status.html"/></extension><reference><reference value="ValueSet/life-status"/></reference><name value="Life Status Value Set"/><exampleBoolean value="false"/><groupingId value="_term_valueset"/></resource><resource><extension url="http://hl7.org/fhir/StructureDefinition/implementationguide-page"><valueUri value="ValueSet-relationship.html"/></extension><reference><reference value="ValueSet/relationship"/></reference><name value="Relationship Value Set"/><exampleBoolean value="false"/><groupingId value="_term_valueset"/></resource><resource><extension url="http://hl7.org/fhir/StructureDefinition/implementationguide-page"><valueUri value="CodeSystem-life-status.html"/></extension><reference><reference value="CodeSystem/life-status"/></reference><name value="Life Status Code System"/><exampleBoolean value="false"/><groupingId value="_term_codesystem"/></resource><resource><extension url="http://hl7.org/fhir/StructureDefinition/implementationguide-page"><valueUri value="CodeSystem-pedigree-sectioning.html"/></extension><reference><reference value="CodeSystem/pedigree-sectioning"/></reference><name value="Pedigree Sectioning Code System"/><exampleBoolean value="false"/><groupingId value="_term_codesystem"/></resource><resource><extension url="http://hl7.org/fhir/StructureDefinition/implementationguide-page"><valueUri value="CodeSystem-relationship.html"/></extension><reference><reference value="CodeSystem/relationship"/></reference><name value="Relationship Code System"/><exampleBoolean value="false"/><groupingId value="_term_codesystem"/></resource><resource><extension url="http://hl7.org/fhir/StructureDefinition/implementationguide-page"><valueUri value="Condition-condition-example-1.html"/></extension><reference><reference value="Condition/condition-example-1"/></reference><name value="Condition Example 1"/><exampleBoolean value="true"/><groupingId value="_ex_example"/></resource><resource><extension url="http://hl7.org/fhir/StructureDefinition/implementationguide-page"><valueUri value="Patient-individual-example-1.html"/></extension><reference><reference value="Patient/individual-example-1"/></reference><name value="Individual Example 1"/><exampleCanonical value="https://liberaliscomputing.github.io/pedigree-fhir-ig/StructureDefinition/individual"/><groupingId value="_ex_example"/></resource><resource><extension url="http://hl7.org/fhir/StructureDefinition/implementationguide-page"><valueUri value="Patient-individual-example-10.html"/></extension><reference><reference value="Patient/individual-example-10"/></reference><name value="Individual Example 10"/><exampleCanonical value="https://liberaliscomputing.github.io/pedigree-fhir-ig/StructureDefinition/individual"/><groupingId value="_ex_example"/></resource><resource><extension url="http://hl7.org/fhir/StructureDefinition/implementationguide-page"><valueUri value="Patient-individual-example-11.html"/></extension><reference><reference value="Patient/individual-example-11"/></reference><name value="Individual Example 11"/><exampleCanonical value="https://liberaliscomputing.github.io/pedigree-fhir-ig/StructureDefinition/individual"/><groupingId value="_ex_example"/></resource><resource><extension url="http://hl7.org/fhir/StructureDefinition/implementationguide-page"><valueUri value="Patient-individual-example-12.html"/></extension><reference><reference value="Patient/individual-example-12"/></reference><name value="Individual Example 12"/><exampleCanonical value="https://liberaliscomputing.github.io/pedigree-fhir-ig/StructureDefinition/individual"/><groupingId value="_ex_example"/></resource><resource><extension url="http://hl7.org/fhir/StructureDefinition/implementationguide-page"><valueUri value="Patient-individual-example-13.html"/></extension><reference><reference value="Patient/individual-example-13"/></reference><name value="Individual Example 13"/><exampleCanonical value="https://liberaliscomputing.github.io/pedigree-fhir-ig/StructureDefinition/individual"/><groupingId value="_ex_example"/></resource><resource><extension url="http://hl7.org/fhir/StructureDefinition/implementationguide-page"><valueUri value="Patient-individual-example-2.html"/></extension><reference><reference value="Patient/individual-example-2"/></reference><name value="Individual Example 2"/><exampleCanonical value="https://liberaliscomputing.github.io/pedigree-fhir-ig/StructureDefinition/individual"/><groupingId value="_ex_example"/></resource><resource><extension url="http://hl7.org/fhir/StructureDefinition/implementationguide-page"><valueUri value="Patient-individual-example-3.html"/></extension><reference><reference value="Patient/individual-example-3"/></reference><name value="Individual Example 3"/><exampleCanonical value="https://liberaliscomputing.github.io/pedigree-fhir-ig/StructureDefinition/individual"/><groupingId value="_ex_example"/></resource><resource><extension url="http://hl7.org/fhir/StructureDefinition/implementationguide-page"><valueUri value="Patient-individual-example-4.html"/></extension><reference><reference value="Patient/individual-example-4"/></reference><name value="Individual Example 4"/><exampleCanonical value="https://liberaliscomputing.github.io/pedigree-fhir-ig/StructureDefinition/individual"/><groupingId value="_ex_example"/></resource><resource><extension url="http://hl7.org/fhir/StructureDefinition/implementationguide-page"><valueUri value="Patient-individual-example-5.html"/></extension><reference><reference value="Patient/individual-example-5"/></reference><name value="Individual Example 5"/><exampleCanonical value="https://liberaliscomputing.github.io/pedigree-fhir-ig/StructureDefinition/individual"/><groupingId value="_ex_example"/></resource><resource><extension url="http://hl7.org/fhir/StructureDefinition/implementationguide-page"><valueUri value="Patient-individual-example-6.html"/></extension><reference><reference value="Patient/individual-example-6"/></reference><name value="Individual Example 6"/><exampleCanonical value="https://liberaliscomputing.github.io/pedigree-fhir-ig/StructureDefinition/individual"/><groupingId value="_ex_example"/></resource><resource><extension url="http://hl7.org/fhir/StructureDefinition/implementationguide-page"><valueUri value="Patient-individual-example-7.html"/></extension><reference><reference value="Patient/individual-example-7"/></reference><name value="Individual Example 7"/><exampleCanonical value="https://liberaliscomputing.github.io/pedigree-fhir-ig/StructureDefinition/individual"/><groupingId value="_ex_example"/></resource><resource><extension url="http://hl7.org/fhir/StructureDefinition/implementationguide-page"><valueUri value="Patient-individual-example-8.html"/></extension><reference><reference value="Patient/individual-example-8"/></reference><name value="Individual Example 8"/><exampleCanonical value="https://liberaliscomputing.github.io/pedigree-fhir-ig/StructureDefinition/individual"/><groupingId value="_ex_example"/></resource><resource><extension url="http://hl7.org/fhir/StructureDefinition/implementationguide-page"><valueUri value="Patient-individual-example-9.html"/></extension><reference><reference value="Patient/individual-example-9"/></reference><name value="Individual Example 9"/><exampleCanonical value="https://liberaliscomputing.github.io/pedigree-fhir-ig/StructureDefinition/individual"/><groupingId value="_ex_example"/></resource><resource><extension url="http://hl7.org/fhir/StructureDefinition/implementationguide-page"><valueUri value="Organization-organization-example-1.html"/></extension><reference><reference value="Organization/organization-example-1"/></reference><name value="Organization Example 1"/><exampleBoolean value="true"/><groupingId value="_ex_example"/></resource><resource><extension url="http://hl7.org/fhir/StructureDefinition/implementationguide-page"><valueUri value="Composition-pedigree-example-1.html"/></extension><reference><reference value="Composition/pedigree-example-1"/></reference><name value="Pedigree Example 1"/><exampleCanonical value="https://liberaliscomputing.github.io/pedigree-fhir-ig/StructureDefinition/pedigree"/><groupingId value="_ex_example"/></resource><resource><extension url="http://hl7.org/fhir/StructureDefinition/implementationguide-page"><valueUri value="Observation-relationship-example-1.html"/></extension><reference><reference value="Observation/relationship-example-1"/></reference><name value="Relationship Example 1"/><exampleCanonical value="https://liberaliscomputing.github.io/pedigree-fhir-ig/StructureDefinition/relationship"/><groupingId value="_ex_example"/></resource><resource><extension url="http://hl7.org/fhir/StructureDefinition/implementationguide-page"><valueUri value="Observation-relationship-example-10.html"/></extension><reference><reference value="Observation/relationship-example-10"/></reference><name value="Relationship Example 10"/><exampleCanonical value="https://liberaliscomputing.github.io/pedigree-fhir-ig/StructureDefinition/relationship"/><groupingId value="_ex_example"/></resource><resource><extension url="http://hl7.org/fhir/StructureDefinition/implementationguide-page"><valueUri value="Observation-relationship-example-11.html"/></extension><reference><reference value="Observation/relationship-example-11"/></reference><name value="Relationship Example 11"/><exampleCanonical value="https://liberaliscomputing.github.io/pedigree-fhir-ig/StructureDefinition/relationship"/><groupingId value="_ex_example"/></resource><resource><extension url="http://hl7.org/fhir/StructureDefinition/implementationguide-page"><valueUri value="Observation-relationship-example-12.html"/></extension><reference><reference value="Observation/relationship-example-12"/></reference><name value="Relationship Example 12"/><exampleCanonical value="https://liberaliscomputing.github.io/pedigree-fhir-ig/StructureDefinition/relationship"/><groupingId value="_ex_example"/></resource><resource><extension url="http://hl7.org/fhir/StructureDefinition/implementationguide-page"><valueUri value="Observation-relationship-example-13.html"/></extension><reference><reference value="Observation/relationship-example-13"/></reference><name value="Relationship Example 13"/><exampleCanonical value="https://liberaliscomputing.github.io/pedigree-fhir-ig/StructureDefinition/relationship"/><groupingId value="_ex_example"/></resource><resource><extension url="http://hl7.org/fhir/StructureDefinition/implementationguide-page"><valueUri value="Observation-relationship-example-14.html"/></extension><reference><reference value="Observation/relationship-example-14"/></reference><name value="Relationship Example 14"/><exampleCanonical value="https://liberaliscomputing.github.io/pedigree-fhir-ig/StructureDefinition/relationship"/><groupingId value="_ex_example"/></resource><resource><extension url="http://hl7.org/fhir/StructureDefinition/implementationguide-page"><valueUri value="Observation-relationship-example-15.html"/></extension><reference><reference value="Observation/relationship-example-15"/></reference><name value="Relationship Example 15"/><exampleCanonical value="https://liberaliscomputing.github.io/pedigree-fhir-ig/StructureDefinition/relationship"/><groupingId value="_ex_example"/></resource><resource><extension url="http://hl7.org/fhir/StructureDefinition/implementationguide-page"><valueUri value="Observation-relationship-example-16.html"/></extension><reference><reference value="Observation/relationship-example-16"/></reference><name value="Relationship Example 16"/><exampleCanonical value="https://liberaliscomputing.github.io/pedigree-fhir-ig/StructureDefinition/relationship"/><groupingId value="_ex_example"/></resource><resource><extension url="http://hl7.org/fhir/StructureDefinition/implementationguide-page"><valueUri value="Observation-relationship-example-2.html"/></extension><reference><reference value="Observation/relationship-example-2"/></reference><name value="Relationship Example 2"/><exampleCanonical value="https://liberaliscomputing.github.io/pedigree-fhir-ig/StructureDefinition/relationship"/><groupingId value="_ex_example"/></resource><resource><extension url="http://hl7.org/fhir/StructureDefinition/implementationguide-page"><valueUri value="Observation-relationship-example-3.html"/></extension><reference><reference value="Observation/relationship-example-3"/></reference><name value="Relationship Example 3"/><exampleCanonical value="https://liberaliscomputing.github.io/pedigree-fhir-ig/StructureDefinition/relationship"/><groupingId value="_ex_example"/></resource><resource><extension url="http://hl7.org/fhir/StructureDefinition/implementationguide-page"><valueUri value="Observation-relationship-example-4.html"/></extension><reference><reference value="Observation/relationship-example-4"/></reference><name value="Relationship Example 4"/><exampleCanonical value="https://liberaliscomputing.github.io/pedigree-fhir-ig/StructureDefinition/relationship"/><groupingId value="_ex_example"/></resource><resource><extension url="http://hl7.org/fhir/StructureDefinition/implementationguide-page"><valueUri value="Observation-relationship-example-5.html"/></extension><reference><reference value="Observation/relationship-example-5"/></reference><name value="Relationship Example 5"/><exampleCanonical value="https://liberaliscomputing.github.io/pedigree-fhir-ig/StructureDefinition/relationship"/><groupingId value="_ex_example"/></resource><resource><extension url="http://hl7.org/fhir/StructureDefinition/implementationguide-page"><valueUri value="Observation-relationship-example-6.html"/></extension><reference><reference value="Observation/relationship-example-6"/></reference><name value="Relationship Example 6"/><exampleCanonical value="https://liberaliscomputing.github.io/pedigree-fhir-ig/StructureDefinition/relationship"/><groupingId value="_ex_example"/></resource><resource><extension url="http://hl7.org/fhir/StructureDefinition/implementationguide-page"><valueUri value="Observation-relationship-example-7.html"/></extension><reference><reference value="Observation/relationship-example-7"/></reference><name value="Relationship Example 7"/><exampleCanonical value="https://liberaliscomputing.github.io/pedigree-fhir-ig/StructureDefinition/relationship"/><groupingId value="_ex_example"/></resource><resource><extension url="http://hl7.org/fhir/StructureDefinition/implementationguide-page"><valueUri value="Observation-relationship-example-8.html"/></extension><reference><reference value="Observation/relationship-example-8"/></reference><name value="Relationship Example 8"/><exampleCanonical value="https://liberaliscomputing.github.io/pedigree-fhir-ig/StructureDefinition/relationship"/><groupingId value="_ex_example"/></resource><resource><extension url="http://hl7.org/fhir/StructureDefinition/implementationguide-page"><valueUri value="Observation-relationship-example-9.html"/></extension><reference><reference value="Observation/relationship-example-9"/></reference><name value="Relationship Example 9"/><exampleCanonical value="https://liberaliscomputing.github.io/pedigree-fhir-ig/StructureDefinition/relationship"/><groupingId value="_ex_example"/></resource><page><nameUrl value="toc.html"/><title value="Table of Contents"/><generation value="html"/><page><nameUrl value="index.html"/><title value="Home"/><generation value="markdown"/></page><page><nameUrl value="artifacts.html"/><title value="Artifacts Summary"/><generation value="html"/><page><nameUrl value="StructureDefinition-individual.html"/><title value="Individual"/><generation value="generated"/></page><page><nameUrl value="StructureDefinition-pedigree.html"/><title value="Pedigree"/><generation value="generated"/></page><page><nameUrl value="StructureDefinition-relationship.html"/><title value="Relationship"/><generation value="generated"/></page><page><nameUrl value="StructureDefinition-affected.html"/><title value="Affected"/><generation value="generated"/></page><page><nameUrl value="StructureDefinition-life-status.html"/><title value="Life Status"/><generation value="generated"/></page><page><nameUrl value="ValueSet-life-status.html"/><title value="Life Status Value Set"/><generation value="generated"/></page><page><nameUrl value="ValueSet-relationship.html"/><title value="Relationship Value Set"/><generation value="generated"/></page><page><nameUrl value="CodeSystem-life-status.html"/><title value="Life Status Code System"/><generation value="generated"/></page><page><nameUrl value="CodeSystem-pedigree-sectioning.html"/><title value="Pedigree Sectioning Code System"/><generation value="generated"/></page><page><nameUrl value="CodeSystem-relationship.html"/><title value="Relationship Code System"/><generation value="generated"/></page><page><nameUrl value="Condition-condition-example-1.html"/><title value="Condition Example 1"/><generation value="generated"/></page><page><nameUrl value="Patient-individual-example-1.html"/><title value="Individual Example 1"/><generation value="generated"/></page><page><nameUrl value="Patient-individual-example-10.html"/><title value="Individual Example 10"/><generation value="generated"/></page><page><nameUrl value="Patient-individual-example-11.html"/><title value="Individual Example 11"/><generation value="generated"/></page><page><nameUrl value="Patient-individual-example-12.html"/><title value="Individual Example 12"/><generation value="generated"/></page><page><nameUrl value="Patient-individual-example-13.html"/><title value="Individual Example 13"/><generation value="generated"/></page><page><nameUrl value="Patient-individual-example-2.html"/><title value="Individual Example 2"/><generation value="generated"/></page><page><nameUrl value="Patient-individual-example-3.html"/><title value="Individual Example 3"/><generation value="generated"/></page><page><nameUrl value="Patient-individual-example-4.html"/><title value="Individual Example 4"/><generation value="generated"/></page><page><nameUrl value="Patient-individual-example-5.html"/><title value="Individual Example 5"/><generation value="generated"/></page><page><nameUrl value="Patient-individual-example-6.html"/><title value="Individual Example 6"/><generation value="generated"/></page><page><nameUrl value="Patient-individual-example-7.html"/><title value="Individual Example 7"/><generation value="generated"/></page><page><nameUrl value="Patient-individual-example-8.html"/><title value="Individual Example 8"/><generation value="generated"/></page><page><nameUrl value="Patient-individual-example-9.html"/><title value="Individual Example 9"/><generation value="generated"/></page><page><nameUrl value="Organization-organization-example-1.html"/><title value="Organization Example 1"/><generation value="generated"/></page><page><nameUrl value="Composition-pedigree-example-1.html"/><title value="Pedigree Example 1"/><generation value="generated"/></page><page><nameUrl value="Observation-relationship-example-1.html"/><title value="Relationship Example 1"/><generation value="generated"/></page><page><nameUrl value="Observation-relationship-example-10.html"/><title value="Relationship Example 10"/><generation value="generated"/></page><page><nameUrl value="Observation-relationship-example-11.html"/><title value="Relationship Example 11"/><generation value="generated"/></page><page><nameUrl value="Observation-relationship-example-12.html"/><title value="Relationship Example 12"/><generation value="generated"/></page><page><nameUrl value="Observation-relationship-example-13.html"/><title value="Relationship Example 13"/><generation value="generated"/></page><page><nameUrl value="Observation-relationship-example-14.html"/><title value="Relationship Example 14"/><generation value="generated"/></page><page><nameUrl value="Observation-relationship-example-15.html"/><title value="Relationship Example 15"/><generation value="generated"/></page><page><nameUrl value="Observation-relationship-example-16.html"/><title value="Relationship Example 16"/><generation value="generated"/></page><page><nameUrl value="Observation-relationship-example-2.html"/><title value="Relationship Example 2"/><generation value="generated"/></page><page><nameUrl value="Observation-relationship-example-3.html"/><title value="Relationship Example 3"/><generation value="generated"/></page><page><nameUrl value="Observation-relationship-example-4.html"/><title value="Relationship Example 4"/><generation value="generated"/></page><page><nameUrl value="Observation-relationship-example-5.html"/><title value="Relationship Example 5"/><generation value="generated"/></page><page><nameUrl value="Observation-relationship-example-6.html"/><title value="Relationship Example 6"/><generation value="generated"/></page><page><nameUrl value="Observation-relationship-example-7.html"/><title value="Relationship Example 7"/><generation value="generated"/></page><page><nameUrl value="Observation-relationship-example-8.html"/><title value="Relationship Example 8"/><generation value="generated"/></page><page><nameUrl value="Observation-relationship-example-9.html"/><title value="Relationship Example 9"/><generation value="generated"/></page></page></page><parameter><code value="path-resource"/><value value="input/capabilities"/></parameter><parameter><code value="path-resource"/><value value="input/examples"/></parameter><parameter><code value="path-resource"/><value value="input/extensions"/></parameter><parameter><code value="path-resource"/><value value="input/models"/></parameter><parameter><code value="path-resource"/><value value="input/operations"/></parameter><parameter><code value="path-resource"/><value value="input/profiles"/></parameter><parameter><code value="path-resource"/><value value="input/resources"/></parameter><parameter><code value="path-resource"/><value value="input/vocabulary"/></parameter><parameter><code value="path-resource"/><value value="input/maps"/></parameter><parameter><code value="path-resource"/><value value="input/testing"/></parameter><parameter><code value="path-resource"/><value value="input/history"/></parameter><parameter><code value="path-resource"/><value value="fsh-generated/resources"/></parameter><parameter><code value="path-pages"/><value value="template/config"/></parameter><parameter><code value="path-pages"/><value value="input/images"/></parameter><parameter><code value="path-tx-cache"/><value value="input-cache/txcache"/></parameter></definition></ImplementationGuide>