<?xml version="1.0" encoding="UTF-8"?>

<Bundle xmlns="http://hl7.org/fhir">
  <id value="77a63985-5827-4e7a-a17c-a012e793b417"/>
  <meta>
    <lastUpdated value="2021-03-24T18:22:36.980-04:00"/>
  </meta>
  <type value="collection"/>
  <entry>
    <fullUrl value="https://liberaliscomputing.github.io/pedigree-fhir-ig/ValueSet/life-status"/>
    <resource>
      <ValueSet>
        <id value="life-status"/>
        <text>
          <status value="generated"/>
          <div xmlns="http://www.w3.org/1999/xhtml">
            <p>This value set contains 3 concepts</p>
            <div style="border: maroon 1px solid; background-color: #FFCCCC; padding: 8px">
              <p>Warning: this expansion is generated from a fragment of the code system 
                <a href="CodeSystem-life-status.html">Life Status Code System</a> and may be missing codes, or include codes that are not valid
              </p>
            </div>
            <p style="border: black 1px dotted; background-color: #EEEEEE; padding: 8px; margin-bottom: 8px">Expansion based on 
              <a href="CodeSystem-life-status.html">Life Status Code System v0.1.0 (CodeSystem)</a>
            </p>
            <p>All codes from system 
              <a href="CodeSystem-life-status.html">
                <code>https://liberaliscomputing.github.io/pedigree-fhir-ig/CodeSystem/life-status</code>
              </a>
            </p>
            <table class="codes">
              <tr>
                <td style="white-space:nowrap">
                  <b>Code</b>
                </td>
                <td>
                  <b>Display</b>
                </td>
                <td>
                  <b>Definition</b>
                </td>
              </tr>
              <tr>
                <td style="white-space:nowrap">
                  <a name="https---liberaliscomputing.github.io-pedigree-fhir-ig-CodeSystem-life-status-alive"> </a>alive
                </td>
                <td>alive</td>
                <td/>
              </tr>
              <tr>
                <td style="white-space:nowrap">
                  <a name="https---liberaliscomputing.github.io-pedigree-fhir-ig-CodeSystem-life-status-deceased"> </a>deceased
                </td>
                <td>deceased</td>
                <td/>
              </tr>
              <tr>
                <td style="white-space:nowrap">
                  <a name="https---liberaliscomputing.github.io-pedigree-fhir-ig-CodeSystem-life-status-unborn"> </a>unborn
                </td>
                <td>unborn</td>
                <td/>
              </tr>
            </table>
          </div>
        </text>
        <url value="https://liberaliscomputing.github.io/pedigree-fhir-ig/ValueSet/life-status"/>
        <version value="0.1.0"/>
        <name value="LifeStatus"/>
        <title value="Life Status Value Set"/>
        <status value="active"/>
        <date value="2021-03-24T18:22:36-04:00"/>
        <contact>
          <name value="Meen Chul Kim"/>
          <telecom>
            <system value="email"/>
            <value value="meenchul@d3b.center"/>
            <use value="work"/>
          </telecom>
        </contact>
        <expansion>
          <extension url="http://hl7.org/fhir/tools/StructureDefinition/expansion-codesystem-fragment">
            <valueUri value="https://liberaliscomputing.github.io/pedigree-fhir-ig/CodeSystem/life-status"/>
          </extension>
          <identifier value="urn:uuid:fd708f88-ea2a-4186-962a-476e1e0b652a"/>
          <timestamp value="2021-03-24T18:22:49-04:00"/>
          <total value="3"/>
          <parameter>
            <name value="excludeNested"/>
            <valueBoolean value="false"/>
          </parameter>
          <parameter>
            <name value="version"/>
            <valueUri value="https://liberaliscomputing.github.io/pedigree-fhir-ig/CodeSystem/life-status|0.1.0"/>
          </parameter>
          <contains>
            <system value="https://liberaliscomputing.github.io/pedigree-fhir-ig/CodeSystem/life-status"/>
            <code value="alive"/>
            <display value="alive"/>
          </contains>
          <contains>
            <system value="https://liberaliscomputing.github.io/pedigree-fhir-ig/CodeSystem/life-status"/>
            <code value="deceased"/>
            <display value="deceased"/>
          </contains>
          <contains>
            <system value="https://liberaliscomputing.github.io/pedigree-fhir-ig/CodeSystem/life-status"/>
            <code value="unborn"/>
            <display value="unborn"/>
          </contains>
        </expansion>
      </ValueSet>
    </resource>
  </entry>
  <entry>
    <fullUrl value="https://liberaliscomputing.github.io/pedigree-fhir-ig/ValueSet/relationship"/>
    <resource>
      <ValueSet>
        <id value="relationship"/>
        <text>
          <status value="generated"/>
          <div xmlns="http://www.w3.org/1999/xhtml">
            <p>This value set contains 26 concepts</p>
            <div style="border: maroon 1px solid; background-color: #FFCCCC; padding: 8px">
              <p>Warning: this expansion is generated from a fragment of the code system 
                <a href="CodeSystem-relationship.html">Relationship Code System</a> and may be missing codes, or include codes that are not valid
              </p>
            </div>
            <p style="border: black 1px dotted; background-color: #EEEEEE; padding: 8px; margin-bottom: 8px">Expansion based on 
              <a href="CodeSystem-relationship.html">Relationship Code System v0.1.0 (CodeSystem)</a>
            </p>
            <p>All codes from system 
              <a href="CodeSystem-relationship.html">
                <code>https://liberaliscomputing.github.io/pedigree-fhir-ig/CodeSystem/relationship</code>
              </a>
            </p>
            <table class="codes">
              <tr>
                <td style="white-space:nowrap">
                  <b>Code</b>
                </td>
                <td>
                  <b>Display</b>
                </td>
                <td>
                  <b>Definition</b>
                </td>
              </tr>
              <tr>
                <td style="white-space:nowrap">
                  <a name="https---liberaliscomputing.github.io-pedigree-fhir-ig-CodeSystem-relationship-REL-001"> </a>REL:001
                </td>
                <td>relative</td>
                <td/>
              </tr>
              <tr>
                <td style="white-space:nowrap">
                  <a name="https---liberaliscomputing.github.io-pedigree-fhir-ig-CodeSystem-relationship-REL-002"> </a>REL:002
                </td>
                <td>biological relative</td>
                <td/>
              </tr>
              <tr>
                <td style="white-space:nowrap">
                  <a name="https---liberaliscomputing.github.io-pedigree-fhir-ig-CodeSystem-relationship-REL-003"> </a>REL:003
                </td>
                <td>biological parent</td>
                <td/>
              </tr>
              <tr>
                <td style="white-space:nowrap">
                  <a name="https---liberaliscomputing.github.io-pedigree-fhir-ig-CodeSystem-relationship-REL-004"> </a>REL:004
                </td>
                <td>sperm/ovum donor</td>
                <td/>
              </tr>
              <tr>
                <td style="white-space:nowrap">
                  <a name="https---liberaliscomputing.github.io-pedigree-fhir-ig-CodeSystem-relationship-REL-005"> </a>REL:005
                </td>
                <td>gestational carrier</td>
                <td/>
              </tr>
              <tr>
                <td style="white-space:nowrap">
                  <a name="https---liberaliscomputing.github.io-pedigree-fhir-ig-CodeSystem-relationship-REL-006"> </a>REL:006
                </td>
                <td>surrogate ovum donor</td>
                <td/>
              </tr>
              <tr>
                <td style="white-space:nowrap">
                  <a name="https---liberaliscomputing.github.io-pedigree-fhir-ig-CodeSystem-relationship-REL-007"> </a>REL:007
                </td>
                <td>biological sibling</td>
                <td/>
              </tr>
              <tr>
                <td style="white-space:nowrap">
                  <a name="https---liberaliscomputing.github.io-pedigree-fhir-ig-CodeSystem-relationship-REL-008"> </a>REL:008
                </td>
                <td>full sibling</td>
                <td/>
              </tr>
              <tr>
                <td style="white-space:nowrap">
                  <a name="https---liberaliscomputing.github.io-pedigree-fhir-ig-CodeSystem-relationship-REL-009"> </a>REL:009
                </td>
                <td>twin</td>
                <td/>
              </tr>
              <tr>
                <td style="white-space:nowrap">
                  <a name="https---liberaliscomputing.github.io-pedigree-fhir-ig-CodeSystem-relationship-REL-010"> </a>REL:010
                </td>
                <td>monozygotic twin</td>
                <td/>
              </tr>
              <tr>
                <td style="white-space:nowrap">
                  <a name="https---liberaliscomputing.github.io-pedigree-fhir-ig-CodeSystem-relationship-REL-011"> </a>REL:011
                </td>
                <td>polyzygotic twin</td>
                <td/>
              </tr>
              <tr>
                <td style="white-space:nowrap">
                  <a name="https---liberaliscomputing.github.io-pedigree-fhir-ig-CodeSystem-relationship-REL-012"> </a>REL:012
                </td>
                <td>half-sibling</td>
                <td/>
              </tr>
              <tr>
                <td style="white-space:nowrap">
                  <a name="https---liberaliscomputing.github.io-pedigree-fhir-ig-CodeSystem-relationship-REL-013"> </a>REL:013
                </td>
                <td>parental sibling</td>
                <td/>
              </tr>
              <tr>
                <td style="white-space:nowrap">
                  <a name="https---liberaliscomputing.github.io-pedigree-fhir-ig-CodeSystem-relationship-REL-014"> </a>REL:014
                </td>
                <td>cousin</td>
                <td/>
              </tr>
              <tr>
                <td style="white-space:nowrap">
                  <a name="https---liberaliscomputing.github.io-pedigree-fhir-ig-CodeSystem-relationship-REL-015"> </a>REL:015
                </td>
                <td>maternal cousin</td>
                <td/>
              </tr>
              <tr>
                <td style="white-space:nowrap">
                  <a name="https---liberaliscomputing.github.io-pedigree-fhir-ig-CodeSystem-relationship-REL-016"> </a>REL:016
                </td>
                <td>paternal cousin</td>
                <td/>
              </tr>
              <tr>
                <td style="white-space:nowrap">
                  <a name="https---liberaliscomputing.github.io-pedigree-fhir-ig-CodeSystem-relationship-REL-017"> </a>REL:017
                </td>
                <td>grandparent</td>
                <td/>
              </tr>
              <tr>
                <td style="white-space:nowrap">
                  <a name="https---liberaliscomputing.github.io-pedigree-fhir-ig-CodeSystem-relationship-REL-018"> </a>REL:018
                </td>
                <td>great-grandparent</td>
                <td/>
              </tr>
              <tr>
                <td style="white-space:nowrap">
                  <a name="https---liberaliscomputing.github.io-pedigree-fhir-ig-CodeSystem-relationship-REL-019"> </a>REL:019
                </td>
                <td>social/legal relative</td>
                <td/>
              </tr>
              <tr>
                <td style="white-space:nowrap">
                  <a name="https---liberaliscomputing.github.io-pedigree-fhir-ig-CodeSystem-relationship-REL-020"> </a>REL:020
                </td>
                <td>parent figure</td>
                <td/>
              </tr>
              <tr>
                <td style="white-space:nowrap">
                  <a name="https---liberaliscomputing.github.io-pedigree-fhir-ig-CodeSystem-relationship-REL-021"> </a>REL:021
                </td>
                <td>foster parent</td>
                <td/>
              </tr>
              <tr>
                <td style="white-space:nowrap">
                  <a name="https---liberaliscomputing.github.io-pedigree-fhir-ig-CodeSystem-relationship-REL-022"> </a>REL:022
                </td>
                <td>adoptive parent</td>
                <td/>
              </tr>
              <tr>
                <td style="white-space:nowrap">
                  <a name="https---liberaliscomputing.github.io-pedigree-fhir-ig-CodeSystem-relationship-REL-023"> </a>REL:023
                </td>
                <td>step-parent</td>
                <td/>
              </tr>
              <tr>
                <td style="white-space:nowrap">
                  <a name="https---liberaliscomputing.github.io-pedigree-fhir-ig-CodeSystem-relationship-REL-024"> </a>REL:024
                </td>
                <td>sibling figure</td>
                <td/>
              </tr>
              <tr>
                <td style="white-space:nowrap">
                  <a name="https---liberaliscomputing.github.io-pedigree-fhir-ig-CodeSystem-relationship-REL-025"> </a>REL:025
                </td>
                <td>step-sibling</td>
                <td/>
              </tr>
              <tr>
                <td style="white-space:nowrap">
                  <a name="https---liberaliscomputing.github.io-pedigree-fhir-ig-CodeSystem-relationship-REL-026"> </a>REL:026
                </td>
                <td>significant other</td>
                <td/>
              </tr>
            </table>
          </div>
        </text>
        <url value="https://liberaliscomputing.github.io/pedigree-fhir-ig/ValueSet/relationship"/>
        <version value="0.1.0"/>
        <name value="Relationship"/>
        <title value="Relationship Value Set"/>
        <status value="active"/>
        <date value="2021-03-24T18:22:36-04:00"/>
        <contact>
          <name value="Meen Chul Kim"/>
          <telecom>
            <system value="email"/>
            <value value="meenchul@d3b.center"/>
            <use value="work"/>
          </telecom>
        </contact>
        <expansion>
          <extension url="http://hl7.org/fhir/tools/StructureDefinition/expansion-codesystem-fragment">
            <valueUri value="https://liberaliscomputing.github.io/pedigree-fhir-ig/CodeSystem/relationship"/>
          </extension>
          <identifier value="urn:uuid:9c09388d-723c-4984-8545-04ba56fd1d32"/>
          <timestamp value="2021-03-24T18:22:49-04:00"/>
          <total value="26"/>
          <parameter>
            <name value="excludeNested"/>
            <valueBoolean value="false"/>
          </parameter>
          <parameter>
            <name value="version"/>
            <valueUri value="https://liberaliscomputing.github.io/pedigree-fhir-ig/CodeSystem/relationship|0.1.0"/>
          </parameter>
          <contains>
            <system value="https://liberaliscomputing.github.io/pedigree-fhir-ig/CodeSystem/relationship"/>
            <code value="REL:001"/>
            <display value="relative"/>
          </contains>
          <contains>
            <system value="https://liberaliscomputing.github.io/pedigree-fhir-ig/CodeSystem/relationship"/>
            <code value="REL:002"/>
            <display value="biological relative"/>
          </contains>
          <contains>
            <system value="https://liberaliscomputing.github.io/pedigree-fhir-ig/CodeSystem/relationship"/>
            <code value="REL:003"/>
            <display value="biological parent"/>
          </contains>
          <contains>
            <system value="https://liberaliscomputing.github.io/pedigree-fhir-ig/CodeSystem/relationship"/>
            <code value="REL:004"/>
            <display value="sperm/ovum donor"/>
          </contains>
          <contains>
            <system value="https://liberaliscomputing.github.io/pedigree-fhir-ig/CodeSystem/relationship"/>
            <code value="REL:005"/>
            <display value="gestational carrier"/>
          </contains>
          <contains>
            <system value="https://liberaliscomputing.github.io/pedigree-fhir-ig/CodeSystem/relationship"/>
            <code value="REL:006"/>
            <display value="surrogate ovum donor"/>
          </contains>
          <contains>
            <system value="https://liberaliscomputing.github.io/pedigree-fhir-ig/CodeSystem/relationship"/>
            <code value="REL:007"/>
            <display value="biological sibling"/>
          </contains>
          <contains>
            <system value="https://liberaliscomputing.github.io/pedigree-fhir-ig/CodeSystem/relationship"/>
            <code value="REL:008"/>
            <display value="full sibling"/>
          </contains>
          <contains>
            <system value="https://liberaliscomputing.github.io/pedigree-fhir-ig/CodeSystem/relationship"/>
            <code value="REL:009"/>
            <display value="twin"/>
          </contains>
          <contains>
            <system value="https://liberaliscomputing.github.io/pedigree-fhir-ig/CodeSystem/relationship"/>
            <code value="REL:010"/>
            <display value="monozygotic twin"/>
          </contains>
          <contains>
            <system value="https://liberaliscomputing.github.io/pedigree-fhir-ig/CodeSystem/relationship"/>
            <code value="REL:011"/>
            <display value="polyzygotic twin"/>
          </contains>
          <contains>
            <system value="https://liberaliscomputing.github.io/pedigree-fhir-ig/CodeSystem/relationship"/>
            <code value="REL:012"/>
            <display value="half-sibling"/>
          </contains>
          <contains>
            <system value="https://liberaliscomputing.github.io/pedigree-fhir-ig/CodeSystem/relationship"/>
            <code value="REL:013"/>
            <display value="parental sibling"/>
          </contains>
          <contains>
            <system value="https://liberaliscomputing.github.io/pedigree-fhir-ig/CodeSystem/relationship"/>
            <code value="REL:014"/>
            <display value="cousin"/>
          </contains>
          <contains>
            <system value="https://liberaliscomputing.github.io/pedigree-fhir-ig/CodeSystem/relationship"/>
            <code value="REL:015"/>
            <display value="maternal cousin"/>
          </contains>
          <contains>
            <system value="https://liberaliscomputing.github.io/pedigree-fhir-ig/CodeSystem/relationship"/>
            <code value="REL:016"/>
            <display value="paternal cousin"/>
          </contains>
          <contains>
            <system value="https://liberaliscomputing.github.io/pedigree-fhir-ig/CodeSystem/relationship"/>
            <code value="REL:017"/>
            <display value="grandparent"/>
          </contains>
          <contains>
            <system value="https://liberaliscomputing.github.io/pedigree-fhir-ig/CodeSystem/relationship"/>
            <code value="REL:018"/>
            <display value="great-grandparent"/>
          </contains>
          <contains>
            <system value="https://liberaliscomputing.github.io/pedigree-fhir-ig/CodeSystem/relationship"/>
            <code value="REL:019"/>
            <display value="social/legal relative"/>
          </contains>
          <contains>
            <system value="https://liberaliscomputing.github.io/pedigree-fhir-ig/CodeSystem/relationship"/>
            <code value="REL:020"/>
            <display value="parent figure"/>
          </contains>
          <contains>
            <system value="https://liberaliscomputing.github.io/pedigree-fhir-ig/CodeSystem/relationship"/>
            <code value="REL:021"/>
            <display value="foster parent"/>
          </contains>
          <contains>
            <system value="https://liberaliscomputing.github.io/pedigree-fhir-ig/CodeSystem/relationship"/>
            <code value="REL:022"/>
            <display value="adoptive parent"/>
          </contains>
          <contains>
            <system value="https://liberaliscomputing.github.io/pedigree-fhir-ig/CodeSystem/relationship"/>
            <code value="REL:023"/>
            <display value="step-parent"/>
          </contains>
          <contains>
            <system value="https://liberaliscomputing.github.io/pedigree-fhir-ig/CodeSystem/relationship"/>
            <code value="REL:024"/>
            <display value="sibling figure"/>
          </contains>
          <contains>
            <system value="https://liberaliscomputing.github.io/pedigree-fhir-ig/CodeSystem/relationship"/>
            <code value="REL:025"/>
            <display value="step-sibling"/>
          </contains>
          <contains>
            <system value="https://liberaliscomputing.github.io/pedigree-fhir-ig/CodeSystem/relationship"/>
            <code value="REL:026"/>
            <display value="significant other"/>
          </contains>
        </expansion>
      </ValueSet>
    </resource>
  </entry>
</Bundle>