<?xml version="1.0" encoding="UTF-8"?>

<ImplementationGuide xmlns="http://hl7.org/fhir">
  <id value="Pedigree-FHIR-Implementation-Guide"/>
  <text>
    <status value="extensions"/><div xmlns="http://www.w3.org/1999/xhtml"><h2>PedigreeFHIRImplementationGuide</h2><p>The official URL for this implementation guide is: </p><pre>https://liberaliscomputing.github.io/pedigree-fhir-ig/ImplementationGuide/Pedigree-FHIR-Implementation-Guide</pre></div>
  </text>
  <url value="https://liberaliscomputing.github.io/pedigree-fhir-ig/ImplementationGuide/Pedigree-FHIR-Implementation-Guide"/>
  <version value="0.1.0"/>
  <name value="PedigreeFHIRImplementationGuide"/>
  <title value="Pedigree FHIR Implementation Guide"/>
  <status value="draft"/>
  <date value="2021-03-24T18:22:36-04:00"/>
  <contact>
    <name value="Meen Chul Kim"/>
    <telecom>
      <system value="email"/>
      <value value="meenchul@d3b.center"/>
      <use value="work"/>
    </telecom>
  </contact>
  <packageId value="Pedigree-FHIR-Implementation-Guide"/>
  <license value="CC0-1.0"/>
  <fhirVersion value="4.0.1"/>
  <dependsOn id="hl7_fhir_us_core">
    <uri value="http://hl7.org/fhir/us/core/ImplementationGuide/hl7.fhir.us.core"/>
    <packageId value="hl7.fhir.us.core"/>
    <version value="3.1.1"/>
  </dependsOn>
  <definition>
    <extension url="http://hl7.org/fhir/tools/StructureDefinition/ig-parameter">
      <extension url="code">
        <valueString value="copyrightyear"/>
      </extension>
      <extension url="value">
        <valueString value="2021+"/>
      </extension>
    </extension>
    <extension url="http://hl7.org/fhir/tools/StructureDefinition/ig-parameter">
      <extension url="code">
        <valueString value="releaselabel"/>
      </extension>
      <extension url="value">
        <valueString value="ci-build"/>
      </extension>
    </extension>
    <extension url="http://hl7.org/fhir/tools/StructureDefinition/ig-parameter">
      <extension url="code">
        <valueString value="path-liquid"/>
      </extension>
      <extension url="value">
        <valueString value="template/liquid"/>
      </extension>
    </extension>
    <extension url="http://hl7.org/fhir/tools/StructureDefinition/ig-parameter">
      <extension url="code">
        <valueString value="path-liquid"/>
      </extension>
      <extension url="value">
        <valueString value="input/liquid"/>
      </extension>
    </extension>
    <extension url="http://hl7.org/fhir/tools/StructureDefinition/ig-parameter">
      <extension url="code">
        <valueString value="path-qa"/>
      </extension>
      <extension url="value">
        <valueString value="temp/qa"/>
      </extension>
    </extension>
    <extension url="http://hl7.org/fhir/tools/StructureDefinition/ig-parameter">
      <extension url="code">
        <valueString value="path-temp"/>
      </extension>
      <extension url="value">
        <valueString value="temp/pages"/>
      </extension>
    </extension>
    <extension url="http://hl7.org/fhir/tools/StructureDefinition/ig-parameter">
      <extension url="code">
        <valueString value="path-output"/>
      </extension>
      <extension url="value">
        <valueString value="output"/>
      </extension>
    </extension>
    <extension url="http://hl7.org/fhir/tools/StructureDefinition/ig-parameter">
      <extension url="code">
        <valueString value="path-suppressed-warnings"/>
      </extension>
      <extension url="value">
        <valueString value="input/ignoreWarnings.txt"/>
      </extension>
    </extension>
    <extension url="http://hl7.org/fhir/tools/StructureDefinition/ig-parameter">
      <extension url="code">
        <valueString value="path-history"/>
      </extension>
      <extension url="value">
        <valueString value="https://liberaliscomputing.github.io/pedigree-fhir-ig/history.html"/>
      </extension>
    </extension>
    <extension url="http://hl7.org/fhir/tools/StructureDefinition/ig-parameter">
      <extension url="code">
        <valueString value="template-html"/>
      </extension>
      <extension url="value">
        <valueString value="template-page.html"/>
      </extension>
    </extension>
    <extension url="http://hl7.org/fhir/tools/StructureDefinition/ig-parameter">
      <extension url="code">
        <valueString value="template-md"/>
      </extension>
      <extension url="value">
        <valueString value="template-page-md.html"/>
      </extension>
    </extension>
    <extension url="http://hl7.org/fhir/tools/StructureDefinition/ig-parameter">
      <extension url="code">
        <valueString value="apply-contact"/>
      </extension>
      <extension url="value">
        <valueString value="true"/>
      </extension>
    </extension>
    <extension url="http://hl7.org/fhir/tools/StructureDefinition/ig-parameter">
      <extension url="code">
        <valueString value="apply-context"/>
      </extension>
      <extension url="value">
        <valueString value="true"/>
      </extension>
    </extension>
    <extension url="http://hl7.org/fhir/tools/StructureDefinition/ig-parameter">
      <extension url="code">
        <valueString value="apply-copyright"/>
      </extension>
      <extension url="value">
        <valueString value="true"/>
      </extension>
    </extension>
    <extension url="http://hl7.org/fhir/tools/StructureDefinition/ig-parameter">
      <extension url="code">
        <valueString value="apply-jurisdiction"/>
      </extension>
      <extension url="value">
        <valueString value="true"/>
      </extension>
    </extension>
    <extension url="http://hl7.org/fhir/tools/StructureDefinition/ig-parameter">
      <extension url="code">
        <valueString value="apply-license"/>
      </extension>
      <extension url="value">
        <valueString value="true"/>
      </extension>
    </extension>
    <extension url="http://hl7.org/fhir/tools/StructureDefinition/ig-parameter">
      <extension url="code">
        <valueString value="apply-publisher"/>
      </extension>
      <extension url="value">
        <valueString value="true"/>
      </extension>
    </extension>
    <extension url="http://hl7.org/fhir/tools/StructureDefinition/ig-parameter">
      <extension url="code">
        <valueString value="apply-version"/>
      </extension>
      <extension url="value">
        <valueString value="true"/>
      </extension>
    </extension>
    <extension url="http://hl7.org/fhir/tools/StructureDefinition/ig-parameter">
      <extension url="code">
        <valueString value="active-tables"/>
      </extension>
      <extension url="value">
        <valueString value="true"/>
      </extension>
    </extension>
    <resource>
      <extension url="http://hl7.org/fhir/tools/StructureDefinition/resource-information">
        <valueString value="StructureDefinition:resource"/>
      </extension>
      <reference>
        <reference value="StructureDefinition/individual"/>
      </reference>
      <name value="Individual"/>
      <exampleBoolean value="false"/>
    </resource>
    <resource>
      <extension url="http://hl7.org/fhir/tools/StructureDefinition/resource-information">
        <valueString value="StructureDefinition:resource"/>
      </extension>
      <reference>
        <reference value="StructureDefinition/pedigree"/>
      </reference>
      <name value="Pedigree"/>
      <exampleBoolean value="false"/>
    </resource>
    <resource>
      <extension url="http://hl7.org/fhir/tools/StructureDefinition/resource-information">
        <valueString value="StructureDefinition:resource"/>
      </extension>
      <reference>
        <reference value="StructureDefinition/relationship"/>
      </reference>
      <name value="Relationship"/>
      <exampleBoolean value="false"/>
    </resource>
    <resource>
      <extension url="http://hl7.org/fhir/tools/StructureDefinition/resource-information">
        <valueString value="StructureDefinition:extension"/>
      </extension>
      <reference>
        <reference value="StructureDefinition/affected"/>
      </reference>
      <name value="Affected"/>
      <description value="Whether or not the individual is affected by the condition being investigated in this pedigree; included for PED backwards compatibility."/>
      <exampleBoolean value="false"/>
    </resource>
    <resource>
      <extension url="http://hl7.org/fhir/tools/StructureDefinition/resource-information">
        <valueString value="StructureDefinition:extension"/>
      </extension>
      <reference>
        <reference value="StructureDefinition/life-status"/>
      </reference>
      <name value="Life Status"/>
      <description value="The presumed/accepted life status of the individual as of the pedigree collection date."/>
      <exampleBoolean value="false"/>
    </resource>
    <resource>
      <extension url="http://hl7.org/fhir/tools/StructureDefinition/resource-information">
        <valueString value="ValueSet"/>
      </extension>
      <reference>
        <reference value="ValueSet/life-status"/>
      </reference>
      <name value="Life Status Value Set"/>
      <exampleBoolean value="false"/>
    </resource>
    <resource>
      <extension url="http://hl7.org/fhir/tools/StructureDefinition/resource-information">
        <valueString value="ValueSet"/>
      </extension>
      <reference>
        <reference value="ValueSet/relationship"/>
      </reference>
      <name value="Relationship Value Set"/>
      <exampleBoolean value="false"/>
    </resource>
    <resource>
      <extension url="http://hl7.org/fhir/tools/StructureDefinition/resource-information">
        <valueString value="CodeSystem"/>
      </extension>
      <reference>
        <reference value="CodeSystem/life-status"/>
      </reference>
      <name value="Life Status Code System"/>
      <exampleBoolean value="false"/>
    </resource>
    <resource>
      <extension url="http://hl7.org/fhir/tools/StructureDefinition/resource-information">
        <valueString value="CodeSystem"/>
      </extension>
      <reference>
        <reference value="CodeSystem/pedigree-sectioning"/>
      </reference>
      <name value="Pedigree Sectioning Code System"/>
      <exampleBoolean value="false"/>
    </resource>
    <resource>
      <extension url="http://hl7.org/fhir/tools/StructureDefinition/resource-information">
        <valueString value="CodeSystem"/>
      </extension>
      <reference>
        <reference value="CodeSystem/relationship"/>
      </reference>
      <name value="Relationship Code System"/>
      <exampleBoolean value="false"/>
    </resource>
    <resource>
      <extension url="http://hl7.org/fhir/tools/StructureDefinition/resource-information">
        <valueString value="Condition"/>
      </extension>
      <reference>
        <reference value="Condition/condition-example-1"/>
      </reference>
      <name value="Condition Example 1"/>
      <exampleBoolean value="true"/>
    </resource>
    <resource>
      <extension url="http://hl7.org/fhir/tools/StructureDefinition/resource-information">
        <valueString value="Patient"/>
      </extension>
      <reference>
        <reference value="Patient/individual-example-1"/>
      </reference>
      <name value="Individual Example 1"/>
      <exampleCanonical value="https://liberaliscomputing.github.io/pedigree-fhir-ig/StructureDefinition/individual"/>
    </resource>
    <resource>
      <extension url="http://hl7.org/fhir/tools/StructureDefinition/resource-information">
        <valueString value="Patient"/>
      </extension>
      <reference>
        <reference value="Patient/individual-example-10"/>
      </reference>
      <name value="Individual Example 10"/>
      <exampleCanonical value="https://liberaliscomputing.github.io/pedigree-fhir-ig/StructureDefinition/individual"/>
    </resource>
    <resource>
      <extension url="http://hl7.org/fhir/tools/StructureDefinition/resource-information">
        <valueString value="Patient"/>
      </extension>
      <reference>
        <reference value="Patient/individual-example-11"/>
      </reference>
      <name value="Individual Example 11"/>
      <exampleCanonical value="https://liberaliscomputing.github.io/pedigree-fhir-ig/StructureDefinition/individual"/>
    </resource>
    <resource>
      <extension url="http://hl7.org/fhir/tools/StructureDefinition/resource-information">
        <valueString value="Patient"/>
      </extension>
      <reference>
        <reference value="Patient/individual-example-12"/>
      </reference>
      <name value="Individual Example 12"/>
      <exampleCanonical value="https://liberaliscomputing.github.io/pedigree-fhir-ig/StructureDefinition/individual"/>
    </resource>
    <resource>
      <extension url="http://hl7.org/fhir/tools/StructureDefinition/resource-information">
        <valueString value="Patient"/>
      </extension>
      <reference>
        <reference value="Patient/individual-example-13"/>
      </reference>
      <name value="Individual Example 13"/>
      <exampleCanonical value="https://liberaliscomputing.github.io/pedigree-fhir-ig/StructureDefinition/individual"/>
    </resource>
    <resource>
      <extension url="http://hl7.org/fhir/tools/StructureDefinition/resource-information">
        <valueString value="Patient"/>
      </extension>
      <reference>
        <reference value="Patient/individual-example-2"/>
      </reference>
      <name value="Individual Example 2"/>
      <exampleCanonical value="https://liberaliscomputing.github.io/pedigree-fhir-ig/StructureDefinition/individual"/>
    </resource>
    <resource>
      <extension url="http://hl7.org/fhir/tools/StructureDefinition/resource-information">
        <valueString value="Patient"/>
      </extension>
      <reference>
        <reference value="Patient/individual-example-3"/>
      </reference>
      <name value="Individual Example 3"/>
      <exampleCanonical value="https://liberaliscomputing.github.io/pedigree-fhir-ig/StructureDefinition/individual"/>
    </resource>
    <resource>
      <extension url="http://hl7.org/fhir/tools/StructureDefinition/resource-information">
        <valueString value="Patient"/>
      </extension>
      <reference>
        <reference value="Patient/individual-example-4"/>
      </reference>
      <name value="Individual Example 4"/>
      <exampleCanonical value="https://liberaliscomputing.github.io/pedigree-fhir-ig/StructureDefinition/individual"/>
    </resource>
    <resource>
      <extension url="http://hl7.org/fhir/tools/StructureDefinition/resource-information">
        <valueString value="Patient"/>
      </extension>
      <reference>
        <reference value="Patient/individual-example-5"/>
      </reference>
      <name value="Individual Example 5"/>
      <exampleCanonical value="https://liberaliscomputing.github.io/pedigree-fhir-ig/StructureDefinition/individual"/>
    </resource>
    <resource>
      <extension url="http://hl7.org/fhir/tools/StructureDefinition/resource-information">
        <valueString value="Patient"/>
      </extension>
      <reference>
        <reference value="Patient/individual-example-6"/>
      </reference>
      <name value="Individual Example 6"/>
      <exampleCanonical value="https://liberaliscomputing.github.io/pedigree-fhir-ig/StructureDefinition/individual"/>
    </resource>
    <resource>
      <extension url="http://hl7.org/fhir/tools/StructureDefinition/resource-information">
        <valueString value="Patient"/>
      </extension>
      <reference>
        <reference value="Patient/individual-example-7"/>
      </reference>
      <name value="Individual Example 7"/>
      <exampleCanonical value="https://liberaliscomputing.github.io/pedigree-fhir-ig/StructureDefinition/individual"/>
    </resource>
    <resource>
      <extension url="http://hl7.org/fhir/tools/StructureDefinition/resource-information">
        <valueString value="Patient"/>
      </extension>
      <reference>
        <reference value="Patient/individual-example-8"/>
      </reference>
      <name value="Individual Example 8"/>
      <exampleCanonical value="https://liberaliscomputing.github.io/pedigree-fhir-ig/StructureDefinition/individual"/>
    </resource>
    <resource>
      <extension url="http://hl7.org/fhir/tools/StructureDefinition/resource-information">
        <valueString value="Patient"/>
      </extension>
      <reference>
        <reference value="Patient/individual-example-9"/>
      </reference>
      <name value="Individual Example 9"/>
      <exampleCanonical value="https://liberaliscomputing.github.io/pedigree-fhir-ig/StructureDefinition/individual"/>
    </resource>
    <resource>
      <extension url="http://hl7.org/fhir/tools/StructureDefinition/resource-information">
        <valueString value="Organization"/>
      </extension>
      <reference>
        <reference value="Organization/organization-example-1"/>
      </reference>
      <name value="Organization Example 1"/>
      <exampleBoolean value="true"/>
    </resource>
    <resource>
      <extension url="http://hl7.org/fhir/tools/StructureDefinition/resource-information">
        <valueString value="Composition"/>
      </extension>
      <reference>
        <reference value="Composition/pedigree-example-1"/>
      </reference>
      <name value="Pedigree Example 1"/>
      <exampleCanonical value="https://liberaliscomputing.github.io/pedigree-fhir-ig/StructureDefinition/pedigree"/>
    </resource>
    <resource>
      <extension url="http://hl7.org/fhir/tools/StructureDefinition/resource-information">
        <valueString value="Observation"/>
      </extension>
      <reference>
        <reference value="Observation/relationship-example-1"/>
      </reference>
      <name value="Relationship Example 1"/>
      <exampleCanonical value="https://liberaliscomputing.github.io/pedigree-fhir-ig/StructureDefinition/relationship"/>
    </resource>
    <resource>
      <extension url="http://hl7.org/fhir/tools/StructureDefinition/resource-information">
        <valueString value="Observation"/>
      </extension>
      <reference>
        <reference value="Observation/relationship-example-10"/>
      </reference>
      <name value="Relationship Example 10"/>
      <exampleCanonical value="https://liberaliscomputing.github.io/pedigree-fhir-ig/StructureDefinition/relationship"/>
    </resource>
    <resource>
      <extension url="http://hl7.org/fhir/tools/StructureDefinition/resource-information">
        <valueString value="Observation"/>
      </extension>
      <reference>
        <reference value="Observation/relationship-example-11"/>
      </reference>
      <name value="Relationship Example 11"/>
      <exampleCanonical value="https://liberaliscomputing.github.io/pedigree-fhir-ig/StructureDefinition/relationship"/>
    </resource>
    <resource>
      <extension url="http://hl7.org/fhir/tools/StructureDefinition/resource-information">
        <valueString value="Observation"/>
      </extension>
      <reference>
        <reference value="Observation/relationship-example-12"/>
      </reference>
      <name value="Relationship Example 12"/>
      <exampleCanonical value="https://liberaliscomputing.github.io/pedigree-fhir-ig/StructureDefinition/relationship"/>
    </resource>
    <resource>
      <extension url="http://hl7.org/fhir/tools/StructureDefinition/resource-information">
        <valueString value="Observation"/>
      </extension>
      <reference>
        <reference value="Observation/relationship-example-13"/>
      </reference>
      <name value="Relationship Example 13"/>
      <exampleCanonical value="https://liberaliscomputing.github.io/pedigree-fhir-ig/StructureDefinition/relationship"/>
    </resource>
    <resource>
      <extension url="http://hl7.org/fhir/tools/StructureDefinition/resource-information">
        <valueString value="Observation"/>
      </extension>
      <reference>
        <reference value="Observation/relationship-example-14"/>
      </reference>
      <name value="Relationship Example 14"/>
      <exampleCanonical value="https://liberaliscomputing.github.io/pedigree-fhir-ig/StructureDefinition/relationship"/>
    </resource>
    <resource>
      <extension url="http://hl7.org/fhir/tools/StructureDefinition/resource-information">
        <valueString value="Observation"/>
      </extension>
      <reference>
        <reference value="Observation/relationship-example-15"/>
      </reference>
      <name value="Relationship Example 15"/>
      <exampleCanonical value="https://liberaliscomputing.github.io/pedigree-fhir-ig/StructureDefinition/relationship"/>
    </resource>
    <resource>
      <extension url="http://hl7.org/fhir/tools/StructureDefinition/resource-information">
        <valueString value="Observation"/>
      </extension>
      <reference>
        <reference value="Observation/relationship-example-16"/>
      </reference>
      <name value="Relationship Example 16"/>
      <exampleCanonical value="https://liberaliscomputing.github.io/pedigree-fhir-ig/StructureDefinition/relationship"/>
    </resource>
    <resource>
      <extension url="http://hl7.org/fhir/tools/StructureDefinition/resource-information">
        <valueString value="Observation"/>
      </extension>
      <reference>
        <reference value="Observation/relationship-example-2"/>
      </reference>
      <name value="Relationship Example 2"/>
      <exampleCanonical value="https://liberaliscomputing.github.io/pedigree-fhir-ig/StructureDefinition/relationship"/>
    </resource>
    <resource>
      <extension url="http://hl7.org/fhir/tools/StructureDefinition/resource-information">
        <valueString value="Observation"/>
      </extension>
      <reference>
        <reference value="Observation/relationship-example-3"/>
      </reference>
      <name value="Relationship Example 3"/>
      <exampleCanonical value="https://liberaliscomputing.github.io/pedigree-fhir-ig/StructureDefinition/relationship"/>
    </resource>
    <resource>
      <extension url="http://hl7.org/fhir/tools/StructureDefinition/resource-information">
        <valueString value="Observation"/>
      </extension>
      <reference>
        <reference value="Observation/relationship-example-4"/>
      </reference>
      <name value="Relationship Example 4"/>
      <exampleCanonical value="https://liberaliscomputing.github.io/pedigree-fhir-ig/StructureDefinition/relationship"/>
    </resource>
    <resource>
      <extension url="http://hl7.org/fhir/tools/StructureDefinition/resource-information">
        <valueString value="Observation"/>
      </extension>
      <reference>
        <reference value="Observation/relationship-example-5"/>
      </reference>
      <name value="Relationship Example 5"/>
      <exampleCanonical value="https://liberaliscomputing.github.io/pedigree-fhir-ig/StructureDefinition/relationship"/>
    </resource>
    <resource>
      <extension url="http://hl7.org/fhir/tools/StructureDefinition/resource-information">
        <valueString value="Observation"/>
      </extension>
      <reference>
        <reference value="Observation/relationship-example-6"/>
      </reference>
      <name value="Relationship Example 6"/>
      <exampleCanonical value="https://liberaliscomputing.github.io/pedigree-fhir-ig/StructureDefinition/relationship"/>
    </resource>
    <resource>
      <extension url="http://hl7.org/fhir/tools/StructureDefinition/resource-information">
        <valueString value="Observation"/>
      </extension>
      <reference>
        <reference value="Observation/relationship-example-7"/>
      </reference>
      <name value="Relationship Example 7"/>
      <exampleCanonical value="https://liberaliscomputing.github.io/pedigree-fhir-ig/StructureDefinition/relationship"/>
    </resource>
    <resource>
      <extension url="http://hl7.org/fhir/tools/StructureDefinition/resource-information">
        <valueString value="Observation"/>
      </extension>
      <reference>
        <reference value="Observation/relationship-example-8"/>
      </reference>
      <name value="Relationship Example 8"/>
      <exampleCanonical value="https://liberaliscomputing.github.io/pedigree-fhir-ig/StructureDefinition/relationship"/>
    </resource>
    <resource>
      <extension url="http://hl7.org/fhir/tools/StructureDefinition/resource-information">
        <valueString value="Observation"/>
      </extension>
      <reference>
        <reference value="Observation/relationship-example-9"/>
      </reference>
      <name value="Relationship Example 9"/>
      <exampleCanonical value="https://liberaliscomputing.github.io/pedigree-fhir-ig/StructureDefinition/relationship"/>
    </resource>
    <page>
      <nameUrl value="toc.html"/>
      <title value="Table of Contents"/>
      <generation value="html"/>
      <page>
        <nameUrl value="index.html"/>
        <title value="Home"/>
        <generation value="markdown"/>
      </page>
    </page>
    <parameter>
      <code value="path-resource"/>
      <value value="input/capabilities"/>
    </parameter>
    <parameter>
      <code value="path-resource"/>
      <value value="input/examples"/>
    </parameter>
    <parameter>
      <code value="path-resource"/>
      <value value="input/extensions"/>
    </parameter>
    <parameter>
      <code value="path-resource"/>
      <value value="input/models"/>
    </parameter>
    <parameter>
      <code value="path-resource"/>
      <value value="input/operations"/>
    </parameter>
    <parameter>
      <code value="path-resource"/>
      <value value="input/profiles"/>
    </parameter>
    <parameter>
      <code value="path-resource"/>
      <value value="input/resources"/>
    </parameter>
    <parameter>
      <code value="path-resource"/>
      <value value="input/vocabulary"/>
    </parameter>
    <parameter>
      <code value="path-resource"/>
      <value value="input/maps"/>
    </parameter>
    <parameter>
      <code value="path-resource"/>
      <value value="input/testing"/>
    </parameter>
    <parameter>
      <code value="path-resource"/>
      <value value="input/history"/>
    </parameter>
    <parameter>
      <code value="path-resource"/>
      <value value="fsh-generated/resources"/>
    </parameter>
    <parameter>
      <code value="path-pages"/>
      <value value="template/config"/>
    </parameter>
    <parameter>
      <code value="path-pages"/>
      <value value="input/images"/>
    </parameter>
    <parameter>
      <code value="path-tx-cache"/>
      <value value="input-cache/txcache"/>
    </parameter>
  </definition>
</ImplementationGuide>