{
  "package": "Pedigree-FHIR-Implementation-Guide",
  "version": "0.1.0",
  "fhirVersion": "4.0.1",
  "extensions": [
    {
      "url": "https://liberaliscomputing.github.io/pedigree-fhir-ig/StructureDefinition/affected",
      "title": "Affected",
      "types": [
        "boolean"
      ]
    },
    {
      "url": "https://liberaliscomputing.github.io/pedigree-fhir-ig/StructureDefinition/life-status",
      "title": "Life Status",
      "types": [
        "code",
        "code"
      ]
    }
  ],
  "profiles": {
    "Patient": [
      {
        "url": "https://liberaliscomputing.github.io/pedigree-fhir-ig/StructureDefinition/individual",
        "title": "Individual"
      }
    ],
    "Composition": [
      {
        "url": "https://liberaliscomputing.github.io/pedigree-fhir-ig/StructureDefinition/pedigree",
        "title": "Pedigree"
      }
    ],
    "Observation": [
      {
        "url": "https://liberaliscomputing.github.io/pedigree-fhir-ig/StructureDefinition/relationship",
        "title": "Relationship"
      }
    ]
  },
  "usage": {
    "http://hl7.org/fhir/StructureDefinition/elementdefinition-bestpractice": [
      "StructureDefinition.snapshot.element.constraint"
    ],
    "http://hl7.org/fhir/StructureDefinition/elementdefinition-bestpractice-explanation": [
      "StructureDefinition.snapshot.element.constraint"
    ],
    "http://hl7.org/fhir/StructureDefinition/elementdefinition-bindingName": [
      "StructureDefinition.snapshot.element.binding"
    ],
    "http://hl7.org/fhir/StructureDefinition/elementdefinition-isCommonBinding": [
      "StructureDefinition.snapshot.element.binding"
    ],
    "http://hl7.org/fhir/StructureDefinition/elementdefinition-maxValueSet": [
      "StructureDefinition.snapshot.element.binding"
    ],
    "http://hl7.org/fhir/StructureDefinition/patient-genderIdentity": [
      "Patient"
    ],
    "http://hl7.org/fhir/StructureDefinition/structuredefinition-category": [
      "StructureDefinition"
    ],
    "http://hl7.org/fhir/StructureDefinition/structuredefinition-display-hint": [
      "StructureDefinition.snapshot.element"
    ],
    "http://hl7.org/fhir/StructureDefinition/structuredefinition-explicit-type-name": [
      "StructureDefinition.snapshot.element"
    ],
    "http://hl7.org/fhir/StructureDefinition/structuredefinition-fhir-type": [
      "StructureDefinition.snapshot.element.type"
    ],
    "http://hl7.org/fhir/StructureDefinition/structuredefinition-hierarchy": [
      "StructureDefinition.snapshot.element.type"
    ],
    "http://hl7.org/fhir/StructureDefinition/structuredefinition-security-category": [
      "StructureDefinition"
    ],
    "http://hl7.org/fhir/tools/StructureDefinition/ig-parameter": [
      "ImplementationGuide.definition"
    ],
    "http://hl7.org/fhir/tools/StructureDefinition/resource-information": [
      "ImplementationGuide.definition.resource"
    ],
    "https://liberaliscomputing.github.io/pedigree-fhir-ig/StructureDefinition/affected": [
      "Patient"
    ],
    "https://liberaliscomputing.github.io/pedigree-fhir-ig/StructureDefinition/life-status": [
      "Patient"
    ]
  }
}